abs_delta_score_cn,abs_delta_score_degree,abs_delta_score_interaction,abs_delta_score_residual,abs_delta_score_total,cn_expected_after,cn_expected_before,cn_raw_after,cn_raw_before,cn_residual_feature_after,cn_residual_feature_before,cross_response,cross_sensitivity,delta_cn_expected,delta_cn_raw,delta_cn_residual_feature,delta_score_cn,delta_score_degree,delta_score_interaction,delta_score_residual,delta_score_total,failure_code,interaction_share_after,interaction_share_before,interaction_share_cap,interaction_share_cap_violation_before,intervention_kind,intervention_type,pair_id,post_degree_u,post_degree_v,pre_degree_u,pre_degree_v,requested_delta,routing_ratio,routing_selectivity,score_cn_after,score_cn_before,score_degree_after,score_degree_before,score_interaction_after,score_interaction_before,score_residual_after,score_residual_before,score_total_after,score_total_before,status,target_response,u,v
0.0010410845279693604,0.022403210401535034,0.0,0.007590353488922119,0.01585400104522705,0.47793012857437134,0.48828500509262085,1.0,1.0,0.21521705389022827,0.20486217737197876,0.00863143801689148,0.00863143801689148,-0.010354876518249512,0.0,0.010354876518249512,-0.0010410845279693604,-0.022403210401535034,0.0,0.007590353488922119,-0.01585400104522705,,0.0,0.0,0.2,0,degree,degree_u_plus,0,12,5,11,5,1,2.5955332590421256,0.7218771381170851,0.11573293805122375,0.11677402257919312,0.4048427939414978,0.42724600434303284,0.0,0.0,0.6470656991004944,0.6394753456115723,1.166641354560852,1.182495355606079,AVAILABLE,0.022403210401535034,0,8
0.05830809473991394,0.0,0.0,0.11794114112854004,0.17624914646148682,0.48828500509262085,0.48828500509262085,2.0,1.0,0.6103273034095764,0.20486217737197876,0.11794114112854004,0.11794114112854004,0.0,1.0,0.40546512603759766,0.05830809473991394,0.0,0.0,0.11794114112854004,0.17624914646148682,,0.0,0.0,0.2,0,cn,cn_plus,0,11,5,11,5,1,0.49438295439702756,0.3308274849779101,0.17508211731910706,0.11677402257919312,0.42724600434303284,0.42724600434303284,0.0,0.0,0.7574164867401123,0.6394753456115723,1.358744502067566,1.182495355606079,AVAILABLE,0.05830809473991394,0,8
0.009338617324829102,0.015201032161712646,0.0,0.0024253129959106445,0.026965022087097168,0.0877988263964653,0.06561198085546494,1.0,1.0,0.6053483486175537,0.6275352239608765,0.011763930320739746,0.011763930320739746,0.022186845541000366,0.0,-0.022186875343322754,-0.009338617324829102,-0.015201032161712646,0.0,-0.0024253129959106445,-0.026965022087097168,,0.0,0.0,0.2,0,degree,degree_u_plus,1,12,1,11,1,1,1.2921718189026623,0.5637325301038153,0.12468114495277405,0.13401976227760315,0.46063685417175293,0.4758378863334656,0.0,0.0,0.699730396270752,0.7021557092666626,1.284048318862915,1.3110133409500122,AVAILABLE,0.015201032161712646,0,44
,,,,,,,,,,,,,,,,,,,,,NO_CANDIDATE,,,,,cn,cn,1,,,,,,,,,,,,,,,,,,MISSING,,0,44
0.008107006549835205,0.017091691493988037,0.0,0.03343683481216431,0.05863547325134277,0.372265487909317,0.372265487909317,2.0,2.0,0.7263468503952026,0.7263468503952026,0.04154384136199951,0.04154384136199951,0.0,0.0,0.0,-0.008107006549835205,-0.017091691493988037,0.0,-0.03343683481216431,-0.05863547325134277,,0.0,0.0,0.2,0,degree,degree_u_plus,2,14,5,13,5,1,0.41141326414483426,0.2914902917496009,0.1545848846435547,0.1626918911933899,0.368217408657074,0.385309100151062,0.0,0.0,0.727576732635498,0.7610135674476624,1.24937903881073,1.3080145120620728,AVAILABLE,0.017091691493988037,3,10
0.013897478580474854,0.0,0.0,0.027802228927612305,0.04169964790344238,0.372265487909317,0.372265487909317,3.0,2.0,1.0140289068222046,0.7263468503952026,0.027802228927612305,0.027802228927612305,0.0,1.0,0.28768205642700195,0.013897478580474854,0.0,0.0,0.027802228927612305,0.04169964790344238,,0.0,0.0,0.2,0,cn,cn_plus,2,13,5,13,5,1,0.4998690435205316,0.3332751253717631,0.17658936977386475,0.1626918911933899,0.385309100151062,0.385309100151062,0.0,0.0,0.7888157963752747,0.7610135674476624,1.3497141599655151,1.3080145120620728,AVAILABLE,0.013897478580474854,3,10
0.0,0.0031006932258605957,0.0,0.0006458759307861328,0.0024547576904296875,0.07937666028738022,0.07937666028738022,0.0,0.0,-0.07937666028738022,-0.07937666028738022,0.0006458759307861328,0.0006458759307861328,0.0,0.0,0.0,0.0,0.0031006932258605957,0.0,-0.0006458759307861328,0.0024547576904296875,,0.0,0.0,0.2,0,degree,degree_u_plus,3,14,0,13,0,1,4.800682408558771,0.82760649013907,0.01729588210582733,0.01729588210582733,0.5490172505378723,0.5459165573120117,0.0,0.0,0.7349249124526978,0.7355707883834839,1.300238013267517,1.2977832555770874,AVAILABLE,0.0031006932258605957,3,28
,,,,,,,,,,,,,,,,,,,,,NO_CANDIDATE,,,,,cn,cn,3,,,,,,,,,,,,,,,,,,MISSING,,3,28
0.0012769699096679688,0.032749295234680176,0.0,0.05688583850860596,0.022859573364257812,0.204325869679451,0.2458140105009079,1.0,1.0,0.4888213276863098,0.4473331570625305,0.058162808418273926,0.058162808418273926,-0.04148814082145691,0.0,0.0414881706237793,0.0012769699096679688,0.032749295234680176,0.0,-0.05688583850860596,-0.022859573364257812,,0.0,0.0,0.2,0,degree,degree_u_plus,4,3,2,2,2,1,0.5630623846177099,0.36023026985926887,0.1306653916835785,0.12938842177391052,0.5684871673583984,0.5357378721237183,0.0,0.0,0.6173783540725708,0.6742641925811768,1.3155308961868286,1.3383904695510864,AVAILABLE,0.032749295234680176,11,17
0.08445137739181519,0.0,0.0,0.15268248319625854,0.06823110580444336,0.2458140105009079,0.2458140105009079,2.0,1.0,0.8527982831001282,0.4473331570625305,0.15268248319625854,0.15268248319625854,0.0,1.0,0.40546512603759766,0.08445137739181519,0.0,0.0,-0.15268248319625854,-0.06823110580444336,,0.0,0.0,0.2,0,cn,cn_plus,4,2,2,2,2,1,0.5531176209132316,0.35613376183833323,0.2138397991657257,0.12938842177391052,0.5357378721237183,0.5357378721237183,0.0,0.0,0.5215817093849182,0.6742641925811768,1.270159363746643,1.3383904695510864,AVAILABLE,0.08445137739181519,11,17
0.00021938979625701904,0.014732539653778076,0.0,0.18181660771369934,0.16686463356018066,0.012193627655506134,-0.0016422928310930729,0.0,0.0,-0.012193627655506134,0.0016422928310930729,0.18203599750995636,0.18203599750995636,0.013835920486599207,0.0,-0.013835920486599207,0.00021938979625701904,0.014732539653778076,0.0,-0.18181660771369934,-0.16686463356018066,,0.0,0.0,0.2,0,degree,degree_u_plus,5,5,1,4,1,1,0.08093200820707018,0.07487243193150621,0.01626664400100708,0.01604725420475006,0.5986899733543396,0.5839574337005615,0.0,0.0,0.46857866644859314,0.6503952741622925,1.0825352668762207,1.2493999004364014,AVAILABLE,0.014732539653778076,12,25
0.11160974204540253,0.0,0.0,0.01685929298400879,0.12846910953521729,-0.0016422928310930729,-0.0016422928310930729,1.0,0.0,0.694789469242096,0.0016422928310930729,0.01685929298400879,0.01685929298400879,0.0,1.0,0.6931471764110029,0.11160974204540253,0.0,0.0,0.01685929298400879,0.12846910953521729,,0.0,0.0,0.2,0,cn,cn_plus,5,4,1,4,1,1,6.620068584760914,0.8687675853731996,0.1276569962501526,0.01604725420475006,0.5839574337005615,0.5839574337005615,0.0,0.0,0.6672545671463013,0.6503952741622925,1.3778690099716187,1.2493999004364014,AVAILABLE,0.11160974204540253,12,25
0.000160902738571167,0.02649521827697754,0.0,0.09139549732208252,0.06473946571350098,-0.0016422928310930729,-0.011688712984323502,0.0,0.0,0.0016422928310930729,0.011688712984323502,0.09155640006065369,0.09155640006065369,0.010046420153230429,0.0,-0.010046420153230429,0.000160902738571167,0.02649521827697754,0.0,-0.09139549732208252,-0.06473946571350098,,0.0,0.0,0.2,0,degree,degree_u_plus,6,4,1,3,1,1,0.2893868191143052,0.2244375503334898,0.01604725420475006,0.015886351466178894,0.5839574337005615,0.557462215423584,0.0,0.0,0.2690136730670929,0.3604091703891754,0.8680183291435242,0.9327577948570251,AVAILABLE,0.02649521827697754,14,40
0.09424532949924469,0.0,0.0,0.06249108910560608,0.03175419569015503,-0.011688712984323502,-0.011688712984323502,1.0,0.0,0.7048358917236328,0.011688712984323502,0.06249108910560608,0.06249108910560608,0.0,1.0,0.6931471787393093,0.09424532949924469,0.0,0.0,-0.06249108910560608,0.03175419569015503,,0.0,0.0,0.2,0,cn,cn_plus,6,3,1,3,1,1,1.5081400527133622,0.6012981815277111,0.11013168096542358,0.015886351466178894,0.557462215423584,0.557462215423584,0.0,0.0,0.29791808128356934,0.3604091703891754,0.9645119905471802,0.9327577948570251,AVAILABLE,0.09424532949924469,14,40
0.000160902738571167,0.02649521827697754,0.0,0.08559226989746094,0.058936119079589844,-0.0016422928310930729,-0.011688712984323502,0.0,0.0,0.0016422928310930729,0.011688712984323502,0.0857531726360321,0.0857531726360321,0.010046420153230429,0.0,-0.010046420153230429,0.000160902738571167,0.02649521827697754,0.0,-0.08559226989746094,-0.058936119079589844,,0.0,0.0,0.2,0,degree,degree_u_plus,7,4,1,3,1,1,0.3089706698051423,0.2360409418884357,0.01604725420475006,0.015886351466178894,0.5839574337005615,0.557462215423584,0.0,0.0,0.46619701385498047,0.5517892837524414,1.0652016401290894,1.1241377592086792,AVAILABLE,0.02649521827697754,20,35
0.11243127286434174,0.0,0.0,0.14922592043876648,0.03679466247558594,-0.011688712984323502,-0.011688712984323502,1.0,0.0,0.7048358917236328,0.011688712984323502,0.14922592043876648,0.14922592043876648,0.0,1.0,0.6931471787393093,0.11243127286434174,0.0,0.0,-0.14922592043876648,-0.03679466247558594,,0.0,0.0,0.2,0,cn,cn_plus,7,3,1,3,1,1,0.7534298666040277,0.4296891942779783,0.12831762433052063,0.015886351466178894,0.557462215423584,0.557462215423584,0.0,0.0,0.4025633633136749,0.5517892837524414,1.0873430967330933,1.1241377592086792,AVAILABLE,0.11243127286434174,20,35
0.0005357563495635986,0.032749295234680176,0.0,0.036739349365234375,0.06895279884338379,0.204325869679451,0.2458140105009079,0.0,0.0,-0.204325869679451,-0.2458140105009079,0.037275105714797974,0.037275105714797974,-0.04148814082145691,0.0,0.04148814082145691,-0.0005357563495635986,0.032749295234680176,0.0,0.036739349365234375,0.06895279884338379,,0.0,0.0,0.2,0,degree,degree_u_plus,8,3,2,2,2,1,0.8785833284933016,0.46768398035234365,0.019049182534217834,0.019584938883781433,0.5684871673583984,0.5357378721237183,0.0,0.0,0.8672297596931458,0.8304904103279114,1.4537659883499146,1.3848131895065308,AVAILABLE,0.032749295234680176,24,27
0.09743566811084747,0.0,0.0,0.1311553716659546,0.033719778060913086,0.2458140105009079,0.2458140105009079,1.0,0.0,0.4473331570625305,-0.2458140105009079,0.1311553716659546,0.1311553716659546,0.0,1.0,0.6931471675634384,0.09743566811084747,0.0,0.0,-0.1311553716659546,-0.033719778060913086,,0.0,0.0,0.2,0,cn,cn_plus,8,2,2,2,2,1,0.7429025547652377,0.426244457978492,0.1170206069946289,0.019584938883781433,0.5357378721237183,0.5357378721237183,0.0,0.0,0.6993350386619568,0.8304904103279114,1.3510934114456177,1.3848131895065308,AVAILABLE,0.09743566811084747,24,27
