u,v,label,score_total,score_degree,score_cn,score_residual,degree_score,cn,cn_expected,cn_residual,quadrant,rank
733,1062,1,2.2006096839904785,-0.24438080191612244,1.8139545917510986,0.4871782660484314,4.6443908991413725,1,0.27414244474506244,0.41900473581488284,HH,1.0
1416,1468,1,-0.6296648979187012,-0.12345315515995026,-1.0660520792007446,0.4928884506225586,3.9889840465642745,0,0.29474238171952355,-0.29474238171952355,HL,17.0
350,1778,1,1.9660085439682007,-0.4886517822742462,1.814287781715393,0.5070047974586487,4.584967478670571,1,0.6903731784875867,0.0027740020723585612,HH,1.0
657,1740,1,-1.085655927658081,-0.5981277227401733,-1.0660520792007446,0.5370600819587708,4.962844630259907,0,0.5712146995292207,-0.5712146995292207,HL,21.0
1602,2073,1,-0.647304356098175,-0.13384577631950378,-1.0660520792007446,0.4876016080379486,3.1780538303479453,0,0.11905324286999194,-0.11905324286999194,HL,12.0
507,1300,1,2.0489020347595215,-0.46445512771606445,1.8938970565795898,0.49027955532073975,4.77912349311153,5,0.711694871289794,1.0800645979382608,HH,1.0
1682,2189,1,-0.9371699690818787,-0.40870776772499084,-1.0660520792007446,0.4867061972618103,3.8066624897703196,0,0.43681545749104356,-0.43681545749104356,HL,20.0
306,1798,1,2.2125275135040283,-0.31239062547683716,1.889042854309082,0.5078216791152954,5.966146739123692,5,0.604581609411574,1.1871778598164808,HH,1.0
661,1878,1,-0.6268854737281799,-0.13422107696533203,-1.0660520792007446,0.5074360370635986,3.6635616461296463,0,0.22529923910170943,-0.22529923910170943,HL,11.0
2446,2448,1,-0.6146052479743958,-0.13067205250263214,-1.0660520792007446,0.5173709392547607,3.044522437723423,0,0.12746879622718107,-0.12746879622718107,HL,16.0
1704,1912,1,-0.8131471872329712,-0.30701351165771484,-1.0660520792007446,0.5039181709289551,3.6888794541139367,0,0.34057746312060994,-0.34057746312060994,HL,15.0
4,1761,1,2.064915895462036,-0.4414498209953308,1.8638277053833008,0.5028151273727417,3.401197381662155,2,0.26384696130699403,0.8347653273611157,HH,1.0
236,2046,1,2.110222339630127,-0.39886370301246643,1.8653885126113892,0.5080771446228027,3.9120230054281464,2,0.4372339481158215,0.6613783405522883,HH,2.0
1411,2218,1,0.7353039383888245,1.191436767578125,-1.0660520792007446,0.48847123980522156,0.6931471805599453,0,-0.003923045039050046,0.003923045039050046,LH,1.0
1359,1914,1,2.1034138202667236,-0.32952189445495605,1.8133518695831299,0.48045551776885986,4.74493212836325,1,0.5935878933078973,0.09955928725204799,HH,1.0
1013,1844,1,-0.4320753216743469,0.07837340980768204,-1.0660520792007446,0.48056042194366455,4.0943445622221,0,-0.12312749273530604,0.12312749273530604,HH,9.0
2263,2490,1,3.037038803100586,0.4824160039424896,1.8120421171188354,0.5410134792327881,1.791759469228055,1,0.0025285671191815815,0.6906186134407637,LH,1.0
1072,1802,1,2.3573591709136963,-0.11098820716142654,1.813903570175171,0.5041999816894531,4.394449154672439,1,0.1607793457743514,0.5323678347855939,HH,1.0
968,1986,1,-0.44121527671813965,0.046387530863285065,-1.0660520792007446,0.5048774480819702,4.718498871295095,0,-0.05368813609447068,0.05368813609447068,HH,13.0
968,1603,1,0.7125951051712036,1.191436767578125,-1.0660520792007446,0.4657624363899231,0.6931471805599453,0,-0.003923045039050046,0.003923045039050046,LH,2.0
650,1486,1,-0.602855920791626,-0.13067205250263214,-1.0660520792007446,0.5291202664375305,3.044522437723423,0,0.12746879622718107,-0.12746879622718107,HL,11.0
73,1751,1,-0.2879903316497803,0.15840378403663635,-1.0660520792007446,0.5408130884170532,3.1780538303479458,0,0.011691299809674925,-0.011691299809674925,HL,8.0
1602,2074,1,2.122037887573242,-0.3233709931373596,1.8128191232681274,0.4850105047225952,3.465735902799726,1,0.32238275198669,0.3707644285732553,HH,1.0
1599,2614,1,-0.9381067752838135,-0.4414498209953308,-1.0660520792007446,0.5227594375610352,3.401197381662155,0,0.3121921511787989,-0.3121921511787989,HL,19.0
1201,2533,1,0.5911864638328552,1.037667989730835,-1.0660520792007446,0.499037504196167,1.0986122886681098,0,-0.0003423412853868864,0.0003423412853868864,LH,1.0
1409,1826,1,2.0180201530456543,-0.43811193108558655,1.810160517692566,0.50663161277771,3.5553480614894135,1,0.361333107938517,0.3318140726214283,HH,1.0
756,885,1,-1.011755347251892,-0.4605709910392761,-1.0660520792007446,0.46476882696151733,4.189654742026425,0,0.5516277820472406,-0.5516277820472406,HL,20.0
1153,1401,1,2.8266758918762207,0.28793463110923767,1.8116369247436523,0.5337117910385132,2.3025850929940455,1,0.004635655417097856,0.6885115251428474,LH,1.0
102,1251,1,2.1848909854888916,-0.3233709931373596,1.8646093606948853,0.5011898875236511,3.465735902799726,2,0.32238275198669,0.7762295366814198,HH,1.0
567,1513,1,2.3561487197875977,-0.1254507154226303,1.8143092393875122,0.5010879039764404,2.8903717578961645,1,0.10532033765763509,0.5878268429023102,LH,1.0
1282,1735,1,2.115709066390991,-0.42177969217300415,1.867520809173584,0.5339372158050537,3.688879454113936,2,0.4148821798570165,0.6837301088110933,HH,1.0
1440,1701,1,2.5129384994506836,0.040262676775455475,1.8068218231201172,0.5120691061019897,4.882801922586371,1,0.007787435201420439,0.6853597453585248,HH,1.0
118,581,1,2.0970048904418945,-0.3440266251564026,1.8132498264312744,0.48961085081100464,4.553876891600541,1,0.4789943370677125,0.2141528434922328,HH,1.0
124,1367,1,-0.8276544213294983,-0.3146878778934479,-1.0660520792007446,0.49781808257102966,3.58351893845611,0,0.33113255442137635,-0.33113255442137635,HL,20.0
1042,1517,1,2.5951082706451416,0.11995960026979446,1.8144022226333618,0.4917355179786682,3.58351893845611,1,0.008451380678075934,0.6846957998818693,HH,1.0
492,1533,1,-0.8135905265808105,-0.33032965660095215,-1.0660520792007446,0.5299729704856873,3.1780538303479453,0,0.22812032499387622,-0.22812032499387622,HL,19.0
972,1000,1,-0.7979854941368103,-0.2765498161315918,-1.0660520792007446,0.49464625120162964,2.772588722239781,0,0.15213353179425623,-0.15213353179425623,LL,15.0
468,647,1,0.3534870743751526,0.8198279142379761,-1.0660520792007446,0.5029724836349487,1.3862943611198906,0,0.005607998023350025,-0.005607998023350025,LL,4.0
121,1910,1,-0.20527809858322144,0.28793463110923767,-1.0660520792007446,0.48864322900772095,2.3025850929940455,0,0.005727774340772303,-0.005727774340772303,LL,8.0
547,598,1,-0.3899529278278351,0.0867663100361824,-1.0660520792007446,0.5138833522796631,3.9889840465642745,0,0.011933971794276577,-0.011933971794276577,HL,9.0
452,1258,1,0.016450751572847366,0.4824160039424896,-1.0660520792007446,0.510759174823761,1.791759469228055,0,0.0025285671191815815,-0.0025285671191815815,LL,3.0
1109,2671,1,2.254467487335205,-0.28849735856056213,1.890121340751648,0.5100415349006653,3.951243718581427,3,0.23542315349066842,1.1508712076292222,HH,2.0
1365,1702,1,2.1698453426361084,-0.30701351165771484,1.809863567352295,0.5193486213684082,3.6888794541139367,1,0.34057746312060994,0.35256971743933535,HH,1.0
326,1358,1,2.4076037406921387,-0.07478002458810806,1.8152174949645996,0.5230547189712524,6.040254711277414,1,0.18302489438105538,0.5101222861788899,HH,1.0
718,2059,1,-0.6134571433067322,-0.08392718434333801,-1.0660520792007446,0.47311651706695557,2.4849066497880004,0,0.07308831329318342,-0.07308831329318342,LL,19.0
1085,1421,1,2.172741174697876,-0.33032965660095215,1.8848748207092285,0.4720967411994934,3.1780538303479453,3,0.19666755035521055,1.18962681076468,HH,1.0
166,2617,1,0.7079273462295532,1.191436767578125,-1.0660520792007446,0.4610946774482727,0.6931471805599453,0,-0.003923045039050046,0.003923045039050046,LH,1.0
1856,2045,1,2.14192795753479,-0.3154408037662506,1.813903570175171,0.5053563117980957,4.941642422609304,1,0.6353102117736417,0.05783696878630362,HH,1.0
307,991,1,0.9477002024650574,1.3911032676696777,-1.0660520792007446,0.49824947118759155,0.0,0,0.005607998023350025,-0.005607998023350025,LL,1.0
958,1798,1,2.362722873687744,-0.1254507154226303,1.8122584819793701,0.5106815695762634,2.8903717578961645,1,0.09034621382640036,0.6028009667335449,LH,1.0
1358,1568,1,2.4053914546966553,-0.07478002458810806,1.8146334886550903,0.5215564966201782,6.040254711277414,1,0.44242961668606207,0.2507175638738832,HH,1.0
1501,2228,1,2.1016831398010254,-0.32714003324508667,1.8122860193252563,0.46866515278816223,3.332204510175204,1,0.2736707198057347,0.4194764607542106,HH,1.0
14,2668,1,2.143777370452881,-0.32788753509521484,1.8139147758483887,0.5058104395866394,2.995732273553991,1,0.19295628247027677,0.5001908980896685,HH,1.0
1038,1358,1,-0.6387968063354492,-0.16827920079231262,-1.0660520792007446,0.5296348333358765,6.327936783729195,0,0.4994838786011131,-0.4994838786011131,HL,11.0
1385,2335,1,-0.5843006372451782,-0.1254507154226303,-1.0660520792007446,0.5427782535552979,2.8903717578961645,0,0.09034621382640036,-0.09034621382640036,LL,11.0
647,904,1,-0.24550271034240723,0.22686752676963806,-1.0660520792007446,0.5115072727203369,2.6390573296152584,0,0.001529368979013753,-0.001529368979013753,LL,5.0
1849,1914,1,-0.9124151468276978,-0.3851470351219177,-1.0660520792007446,0.4837460517883301,4.927253685157204,0,0.582073459411552,-0.582073459411552,HL,15.0
1773,1780,1,-0.6116070747375488,-0.11578301340341568,-1.0660520792007446,0.506255030632019,2.70805020110221,0,0.10064269733935088,-0.10064269733935088,LL,13.0
306,656,1,2.425419569015503,-0.08832211047410965,1.864994764328003,0.5056734085083008,5.272999558563747,2,0.2198492159139602,0.8787630727541496,HH,1.0
1351,1535,1,-1.0281561613082886,-0.4902917146682739,-1.0660520792007446,0.48012199997901917,3.9889840465642745,0,0.35824508190821663,-0.35824508190821663,HL,20.0
2457,2458,1,2.843055009841919,0.34344977140426636,1.8108508586883545,0.4889625906944275,2.0794415416798357,1,0.001303950124368511,0.6918432304355768,LH,1.0
109,1805,1,-0.7291809320449829,-0.23808525502681732,-1.0660520792007446,0.5134835839271545,4.7535901911063645,0,0.255107449213934,-0.255107449213934,HL,17.0
907,1351,1,0.2946013808250427,0.7796175479888916,-1.0660520792007446,0.47618380188941956,2.1972245773362196,0,0.0024871187314291416,-0.0024871187314291416,LL,4.0
748,1617,1,0.2771935760974884,0.7538676261901855,-1.0660520792007446,0.48643815517425537,2.3978952727983707,0,-0.015226648901925818,0.015226648901925818,LH,1.0
1357,2170,1,0.32619380950927734,0.8198279142379761,-1.0660520792007446,0.4756792485713959,1.3862943611198906,0,0.005607998023350025,-0.005607998023350025,LL,5.0
645,1495,1,-0.654984176158905,-0.1369345635175705,-1.0660520792007446,0.4823344349861145,3.58351893845611,0,0.17967998464542226,-0.17967998464542226,HL,12.0
56,1849,1,2.3805532455444336,-0.1254507154226303,1.866394281387329,0.4768720865249634,2.8903717578961645,2,0.09034621382640036,1.0082660748417094,LH,1.0
743,1570,1,-0.24259808659553528,0.25233668088912964,-1.0660520792007446,0.4878021478652954,2.4849066497880004,0,0.006304799829040667,-0.006304799829040667,LL,7.0
8,281,1,-0.2229800522327423,0.25233668088912964,-1.0660520792007446,0.5074201822280884,2.4849066497880004,0,0.0010825582690297737,-0.0010825582690297737,LL,5.0
598,1301,1,-0.8259205222129822,-0.3179803192615509,-1.0660520792007446,0.4998832941055298,4.90527477843843,0,0.5138747302940715,-0.5138747302940715,HL,18.0
1388,2181,1,1.998619794845581,-0.4432987570762634,1.8107149600982666,0.48668867349624634,3.2188758248682006,1,0.2860306423416701,0.4071165382182752,HH,1.0
1818,2305,1,2.1274476051330566,-0.32788753509521484,1.8173587322235107,0.4860258102416992,2.995732273553991,1,0.1713460618415257,0.5218011187184196,HH,1.0
2228,2394,1,2.1432859897613525,-0.27884000539779663,1.8122860193252563,0.46509918570518494,4.0943445622221,1,0.3065546104261476,0.38659257013379766,HH,1.0
2303,2541,1,0.00031380821019411087,0.4824160039424896,-1.0660520792007446,0.49462223052978516,1.791759469228055,0,0.0025285671191815815,-0.0025285671191815815,LL,5.0
661,1879,1,-0.8079860210418701,-0.28849735856056213,-1.0660520792007446,0.48893654346466064,3.951243718581427,0,0.3416510168304475,-0.3416510168304475,HL,18.0
1395,2072,1,-0.6249151229858398,-0.11578301340341568,-1.0660520792007446,0.49294692277908325,2.70805020110221,0,0.10064269733935088,-0.10064269733935088,LL,15.0
1091,2176,1,2.480787754058838,-0.13067205250263214,1.8632938861846924,0.5865247845649719,3.044522437723423,2,0.10158056607870163,0.9970317225894082,HH,1.0
387,2191,1,0.5924940705299377,1.037667989730835,-1.0660520792007446,0.5003451108932495,1.0986122886681098,0,-0.0003423412853868864,0.0003423412853868864,LH,1.0
1300,2508,1,2.326836585998535,-0.13067205250263214,1.8145899772644043,0.4783719778060913,3.044522437723423,1,0.12746879622718107,0.5656783843327642,HH,1.0
926,1862,1,0.4610554575920105,0.9326039552688599,-1.0660520792007446,0.4789106845855713,1.3862943611198906,0,0.0019635684930921515,-0.0019635684930921515,LL,1.0
1125,2332,1,0.03493379428982735,0.4824160039424896,-1.0660520792007446,0.529242217540741,1.791759469228055,0,0.0038078221085974455,-0.0038078221085974455,LL,5.0
577,2351,1,2.0848710536956787,-0.42177969217300415,1.8597850799560547,0.5096300840377808,3.688879454113936,2,0.4223359011068143,0.6762763875612955,HH,1.0
45,2667,1,1.9392045736312866,-0.5192911624908447,1.814946174621582,0.5053868293762207,3.58351893845611,1,0.3519074535156894,0.34123972704425587,HH,2.0
1273,2125,1,2.2103934288024902,-0.3233709931373596,1.8926074504852295,0.4981200695037842,3.465735902799726,3,0.32238275198669,1.0639116091332006,HH,1.0
2045,2047,1,-0.39951127767562866,0.08381344377994537,-1.0660520792007446,0.5074204206466675,4.025351690735149,0,0.06834668668140956,-0.06834668668140956,HL,11.0
341,2045,1,-0.7456877827644348,-0.24008385837078094,-1.0660520792007446,0.49911805987358093,4.718498871295094,0,0.3916382658220854,-0.3916382658220854,HL,19.0
6,1042,1,-0.621647298336029,-0.12345315515995026,-1.0660520792007446,0.5009060502052307,3.9889840465642745,0,0.2612159418134178,-0.2612159418134178,HL,13.0
1920,1926,1,2.1132400035858154,-0.32714003324508667,1.8147523403167725,0.4785698652267456,3.332204510175204,1,0.2673219849287748,0.4258251956311705,HH,1.0
1568,1729,1,-0.6130125522613525,-0.11578301340341568,-1.0660520792007446,0.5048495531082153,2.70805020110221,0,0.09010761782414507,-0.09010761782414507,LL,10.0
360,1824,1,-0.26624372601509094,0.22686752676963806,-1.0660520792007446,0.4907662570476532,2.6390573296152584,0,0.001529368979013753,-0.001529368979013753,LL,6.0
482,2308,1,-0.8307858109474182,-0.32714003324508667,-1.0660520792007446,0.5087175369262695,3.332204510175204,0,0.2736707198057347,-0.2736707198057347,HL,18.0
1522,1697,1,-0.591644823551178,-0.08392718434333801,-1.0660520792007446,0.49492883682250977,2.4849066497880004,0,0.07308831329318342,-0.07308831329318342,LL,16.0
741,1088,1,-0.12684205174446106,0.34344977140426636,-1.0660520792007446,0.5097875595092773,2.0794415416798357,0,0.001303950124368511,-0.001303950124368511,LL,7.0
1191,1558,1,2.3411731719970703,-0.13384577631950378,1.8148188591003418,0.49991387128829956,3.1780538303479453,1,0.1126625580390376,0.5804846225209077,HH,1.0
306,2078,1,2.37766432762146,-0.08832211047410965,1.8137644529342651,0.5062997341156006,5.272999558563747,1,0.2198492159139602,0.47329796464598506,HH,1.0
86,2295,1,-0.6091789603233337,-0.08392718434333801,-1.0660520792007446,0.4773946702480316,2.4849066497880004,0,0.07308831329318342,-0.07308831329318342,LL,14.0
364,1632,1,2.3733959197998047,-0.1371074765920639,1.8076385259628296,0.5465248227119446,3.401197381662156,1,0.13173253004067853,0.5614146505192668,HH,1.0
1358,1742,1,2.1129062175750732,-0.40759044885635376,1.864389181137085,0.527713418006897,7.50659178007084,2,0.9754158492117139,0.12319643945639591,HH,1.0
109,176,1,-0.6077319383621216,-0.10892121493816376,-1.0660520792007446,0.499163955450058,4.465908118654584,0,0.10719989183548792,-0.10719989183548792,HL,12.0
52,2053,1,-0.19757354259490967,0.28793463110923767,-1.0660520792007446,0.4963477849960327,2.3025850929940455,0,0.005727774340772303,-0.005727774340772303,LL,9.0
1240,2237,1,-0.5499469041824341,-0.11578301340341568,-1.0660520792007446,0.5679152011871338,2.70805020110221,0,0.10064269733935088,-0.10064269733935088,LL,11.0
779,1370,1,-1.069332242012024,-0.5192911624908447,-1.0660520792007446,0.4743480682373047,3.58351893845611,0,0.3519074535156894,-0.3519074535156894,HL,21.0
2509,2519,1,2.3878860473632812,-0.11578301340341568,1.8203134536743164,0.5143001079559326,2.70805020110221,1,0.10064269733935088,0.5925044832205943,LH,2.0
71,1986,1,0.1539291888475418,0.633270800113678,-1.0660520792007446,0.4938238263130188,4.02535169073515,0,-0.12131564978155437,0.12131564978155437,HH,5.0
2139,2140,1,-0.7215269207954407,-0.2765498161315918,-1.0660520792007446,0.5711048245429993,2.772588722239781,0,0.15213353179425623,-0.15213353179425623,LL,14.0
249,621,1,2.5494909286499023,0.07002019882202148,1.8102226257324219,0.4978444576263428,2.1972245773362196,1,0.05855290552618079,0.6345942750337645,LH,1.0
1194,1366,1,0.6413447260856628,1.037667989730835,-1.0660520792007446,0.5491957664489746,1.0986122886681098,0,0.0022117229465103377,-0.0022117229465103377,LL,3.0
963,2400,1,2.6063976287841797,0.12485241889953613,1.808225154876709,0.5052784085273743,3.5263605246161616,1,0.013554503630628378,0.6795926769293169,HH,1.0
649,1457,1,0.7215819954872131,1.191436767578125,-1.0660520792007446,0.474749356508255,0.6931471805599453,0,-0.003923045039050046,0.003923045039050046,LH,1.0
873,1358,1,2.26274037361145,-0.16827920079231262,1.8173283338546753,0.4739212989807129,6.327936783729195,1,0.4994838786011131,0.1936633019588322,HH,1.0
152,2238,1,2.1912424564361572,-0.3146878778934479,1.810683012008667,0.5484895706176758,3.58351893845611,1,0.33113255442137635,0.36201462613856894,HH,1.0
438,1985,1,-0.17231646180152893,0.34344977140426636,-1.0660520792007446,0.4643131494522095,2.0794415416798357,0,0.001303950124368511,-0.001303950124368511,LL,6.0
241,1441,1,0.25331783294677734,0.703533411026001,-1.0660520792007446,0.5168245434761047,2.8903717578961645,0,-0.02299737189798596,0.02299737189798596,LH,4.0
876,2168,1,-0.8236665725708008,-0.33032965660095215,-1.0660520792007446,0.5198968648910522,3.1780538303479453,0,0.19666755035521055,-0.19666755035521055,HL,20.0
1013,1120,1,2.1314163208007812,-0.31070077419281006,1.8134698867797852,0.49076563119888306,5.0106352940962555,1,0.16883461964599783,0.5243125609139474,HH,1.0
315,1602,1,-0.9435193538665771,-0.42177969217300415,-1.0660520792007446,0.49449560046195984,3.688879454113936,0,0.4148821798570165,-0.4148821798570165,HL,18.0
889,1832,1,0.46781009435653687,0.9326039552688599,-1.0660520792007446,0.48566535115242004,1.3862943611198906,0,-0.0008206311654392674,0.0008206311654392674,LH,3.0
404,1170,1,3.3271656036376953,0.8198279142379761,1.8118019104003906,0.5018641948699951,1.3862943611198906,1,0.005607998023350025,0.6875391825365953,LH,1.0
154,1358,1,2.156020402908325,-0.3803979754447937,1.8881120681762695,0.526766300201416,7.3395376954076745,7,1.2580688115793535,0.8213727301004823,HH,1.0
1623,1767,1,2.527992010116577,0.06335130333900452,1.8117001056671143,0.495502769947052,4.304065093204169,1,-0.011660359339187763,0.704807539899133,HH,1.0
606,1666,1,-0.9727790951728821,-0.4432987570762634,-1.0660520792007446,0.49228012561798096,3.2188758248682006,0,0.2860306423416701,-0.2860306423416701,HL,20.0
155,1358,1,2.2696340084075928,-0.2712182104587555,1.8717000484466553,0.5342391729354858,6.733401891837358,3,0.8581388345593598,0.5281555265605308,HH,1.0
354,1803,1,2.396787643432617,-0.08392718434333801,1.8166558742523193,0.4922782778739929,2.4849066497880004,1,0.07308831329318342,0.6200588672667618,LH,1.0
738,2162,1,2.1260249614715576,-0.32788753509521484,1.8161298036575317,0.4861088991165161,2.995732273553991,1,0.1713460618415257,0.5218011187184196,HH,1.0
1421,1975,1,1.954414963722229,-0.5192911624908447,1.8651875257492065,0.47246283292770386,3.58351893845611,2,0.3519074535156894,0.7467048351524204,HH,2.0
1844,2276,1,2.977038621902466,0.4824160039424896,1.8184705972671509,0.47809332609176636,1.791759469228055,1,0.0038078221085974455,0.6893393584513479,LH,1.0
1526,1977,1,-0.2714316248893738,0.22686752676963806,-1.0660520792007446,0.48557835817337036,2.6390573296152584,0,0.004773611269193868,-0.004773611269193868,LL,12.0
171,775,1,-0.4306854009628296,0.07002019882202148,-1.0660520792007446,0.504406213760376,2.1972245773362196,0,0.05855290552618079,-0.05855290552618079,LL,11.0
1752,1754,1,2.4729437828063965,-0.08392718434333801,1.863088846206665,0.525901198387146,2.4849066497880004,2,0.07308831329318342,1.0255239753749263,LH,2.0
331,2480,1,-0.03730393573641777,0.4824160039424896,-1.0660520792007446,0.45700448751449585,1.791759469228055,0,0.0038078221085974455,-0.0038078221085974455,LL,3.0
1015,1452,1,-0.6332734823226929,-0.13422107696533203,-1.0660520792007446,0.5010480284690857,3.6635616461296463,0,0.22529923910170943,-0.22529923910170943,HL,15.0
1206,2671,1,0.3049943149089813,0.7348797917366028,-1.0660520792007446,0.5346544981002808,2.5649493574615367,0,-0.017616557487886774,0.017616557487886774,LH,4.0
1136,1189,1,2.213310956954956,-0.32788753509521484,1.8609416484832764,0.5309436321258545,2.995732273553991,2,0.1713460618415257,0.9272662268265841,HH,1.0
1469,2590,1,2.3599607944488525,-0.13067205250263214,1.8146930932998657,0.5116533637046814,3.044522437723423,1,0.12746879622718107,0.5656783843327642,HH,1.0
332,2122,1,-0.9123309254646301,-0.42177969217300415,-1.0660520792007446,0.5256840586662292,3.688879454113936,0,0.4148821798570165,-0.4148821798570165,HL,21.0
306,2086,1,-0.6916427612304688,-0.19792009890079498,-1.0660520792007446,0.5081901550292969,5.560681631015528,0,0.4741838851820337,-0.4741838851820337,HL,15.0
177,726,1,-0.40905022621154785,0.07002019882202148,-1.0660520792007446,0.5260413885116577,2.1972245773362196,0,0.05855290552618079,-0.05855290552618079,LL,12.0
486,2668,1,2.19783091545105,-0.2765498161315918,1.8163657188415527,0.5046231746673584,2.772588722239781,1,0.15213353179425623,0.541013648765689,LH,1.0
242,2280,1,2.2160942554473877,-0.2765498161315918,1.8665862083435059,0.4768240451812744,2.772588722239781,2,0.15213353179425623,0.9464787568738535,LH,1.0
33,698,1,2.1280579566955566,-0.42177969217300415,1.8651411533355713,0.5477643013000488,3.688879454113936,2,0.4223359011068143,0.6762763875612955,HH,1.0
231,551,1,0.2975362539291382,0.7796175479888916,-1.0660520792007446,0.4791186451911926,2.1972245773362196,0,-0.02211025100558623,0.02211025100558623,LH,3.0
1026,1303,1,-0.8722940683364868,-0.32788753509521484,-1.0660520792007446,0.47017407417297363,2.995732273553991,0,0.1713460618415257,-0.1713460618415257,HL,19.0
964,965,1,-0.6429762244224548,-0.1254507154226303,-1.0660520792007446,0.48410266637802124,2.8903717578961645,0,0.10532033765763509,-0.10532033765763509,LL,12.0
277,973,1,-0.8824570775032043,-0.36313486099243164,-1.0660520792007446,0.49185121059417725,4.31748811353631,0,0.5150651712150208,-0.5150651712150208,HL,18.0
1289,1705,1,-0.0011428995057940483,0.4824160039424896,-1.0660520792007446,0.493165522813797,1.791759469228055,0,0.0038078221085974455,-0.0038078221085974455,LL,2.0
371,1354,1,-0.8040338158607483,-0.32714003324508667,-1.0660520792007446,0.5354695320129395,3.332204510175204,0,0.2736707198057347,-0.2736707198057347,HL,16.0
1042,2052,1,2.247434616088867,-0.2670418918132782,1.867231845855713,0.5045250058174133,4.276666119016055,2,0.41000642057911274,0.688605868088997,HH,1.0
372,1834,1,-0.6114270687103271,-0.11578301340341568,-1.0660520792007446,0.506434977054596,2.70805020110221,0,0.09010761782414507,-0.09010761782414507,LL,8.0
541,647,1,-0.1272241175174713,0.34344977140426636,-1.0660520792007446,0.5094054937362671,2.0794415416798357,0,0.001303950124368511,-0.001303950124368511,LL,7.0
297,899,1,-0.7862676978111267,-0.2765498161315918,-1.0660520792007446,0.5063640475273132,2.772588722239781,0,0.15213353179425623,-0.15213353179425623,LL,17.0
13,1701,1,-0.45572182536125183,0.040262676775455475,-1.0660520792007446,0.4966874420642853,4.882801922586371,0,0.007787435201420439,-0.007787435201420439,HL,11.0
210,1671,1,2.132572650909424,-0.3233709931373596,1.811584234237671,0.49620115756988525,3.465735902799726,1,0.32238275198669,0.3707644285732553,HH,1.0
1709,1739,1,-0.8215283155441284,-0.32714003324508667,-1.0660520792007446,0.5179750323295593,3.332204510175204,0,0.2673219849287748,-0.2673219849287748,HL,14.0
876,1358,1,2.302500009536743,-0.16827920079231262,1.8082716464996338,0.5217560529708862,6.327936783729195,1,0.4994838786011131,0.1936633019588322,HH,1.0
725,1652,1,-0.9655346274375916,-0.4432987570762634,-1.0660520792007446,0.49952465295791626,3.2188758248682006,0,0.2860306423416701,-0.2860306423416701,HL,21.0
1624,1705,1,-0.618803858757019,-0.1253032386302948,-1.0660520792007446,0.5057594180107117,3.931825632724326,0,0.21354102692693241,-0.21354102692693241,HL,13.0
2382,2383,1,2.362170457839966,-0.13583840429782867,1.8148014545440674,0.5234158039093018,3.295836866004329,1,0.16141030985621344,0.5317368707037319,HH,1.0
1257,2677,1,-0.3340420722961426,0.1362047791481018,-1.0660520792007446,0.5180209279060364,3.4011973816621555,0,0.0005026343861384733,-0.0005026343861384733,HL,7.0
1282,1776,1,2.100933074951172,-0.38235166668891907,1.8141448497772217,0.5303733348846436,4.0943445622221,1,0.36146257212436095,0.33168460843558434,HH,1.0
681,1445,1,2.8512773513793945,0.34344977140426636,1.8092827796936035,0.5011129379272461,2.0794415416798357,1,0.001303950124368511,0.6918432304355768,LH,1.0
513,1528,1,-0.16292470693588257,0.28793463110923767,-1.0660520792007446,0.5309966206550598,2.3025850929940455,0,0.004635655417097856,-0.004635655417097856,LL,5.0
310,1950,1,1.8948971033096313,-0.6156638860702515,1.8722500801086426,0.5167876482009888,5.4116460518550396,8,0.7828878433522903,1.4143367339839292,HH,1.0
88,696,1,-0.6253659129142761,-0.10613958537578583,-1.0660520792007446,0.4785546362400055,4.564348191467836,0,0.05313782086665076,-0.05313782086665076,HL,8.0
832,2600,1,0.9577705264091492,1.3911032676696777,-1.0660520792007446,0.5083197951316833,0.0,0,0.005607998023350025,-0.005607998023350025,LL,2.0
1731,1755,1,2.382113456726074,-0.11578301340341568,1.809682846069336,0.5191125869750977,2.70805020110221,1,0.10064269733935088,0.5925044832205943,LH,1.0
291,1692,1,0.2957008183002472,0.6989660263061523,-1.0660520792007446,0.5641616582870483,2.9444389791664403,0,-0.032176368348283524,0.032176368348283524,LH,4.0
876,2584,1,0.4973810911178589,0.9326039552688599,-1.0660520792007446,0.5152363181114197,1.3862943611198906,0,-0.0008206311654392674,0.0008206311654392674,LH,1.0
51,1392,1,2.3698368072509766,-0.1254507154226303,1.8178023099899292,0.5115076303482056,2.8903717578961645,1,0.10532033765763509,0.5878268429023102,LH,1.0
1254,1308,1,0.03331803157925606,0.4824160039424896,-1.0660520792007446,0.5276264548301697,1.791759469228055,0,0.0038078221085974455,-0.0038078221085974455,LL,2.0
124,306,1,2.2581520080566406,-0.19792009890079498,1.8162921667099,0.4990794062614441,5.560681631015528,1,0.3332139008068142,0.3599332797531311,HH,1.0
571,696,1,0.5837037563323975,1.037667989730835,-1.0660520792007446,0.49155479669570923,1.0986122886681098,0,0.0022117229465103377,-0.0022117229465103377,LL,2.0
426,1789,1,-0.947246253490448,-0.43811193108558655,-1.0660520792007446,0.5083857178688049,3.5553480614894135,0,0.38920728083183853,-0.38920728083183853,HL,18.0
2001,2335,1,-0.9034463763237,-0.42403915524482727,-1.0660520792007446,0.5343061089515686,4.499809670330265,0,0.5362453990414947,-0.5362453990414947,HL,20.0
36,1552,1,2.02468204498291,-0.43811193108558655,1.8156118392944336,0.5076702237129211,3.5553480614894135,1,0.38920728083183853,0.30393989972810675,HH,1.0
217,2473,1,0.02954326942563057,0.4824160039424896,-1.0660520792007446,0.5238516926765442,1.791759469228055,0,0.0025285671191815815,-0.0025285671191815815,LL,6.0
2164,2217,1,-0.15578803420066833,0.34344977140426636,-1.0660520792007446,0.48084157705307007,2.0794415416798357,0,0.00466143951612129,-0.00466143951612129,LL,5.0
1701,1867,1,2.3625478744506836,-0.08797883242368698,1.813456654548645,0.4901016354560852,5.288267030694535,1,0.171084457572507,0.5220627229874383,HH,1.0
549,1497,1,0.45540302991867065,0.9326039552688599,-1.0660520792007446,0.47325825691223145,1.3862943611198906,0,-0.0008206311654392674,0.0008206311654392674,LH,1.0
308,1670,1,-0.5826839804649353,-0.08392718434333801,-1.0660520792007446,0.5038896799087524,2.4849066497880004,0,0.07871865798170424,-0.07871865798170424,LL,12.0
1102,2464,1,2.111558198928833,-0.39886370301246643,1.8715596199035645,0.5092144012451172,3.9120230054281464,4,0.3734048156510467,1.2360330967830535,HH,1.0
836,2078,1,-0.6350765228271484,-0.1254507154226303,-1.0660520792007446,0.49200236797332764,2.8903717578961645,0,0.10532033765763509,-0.10532033765763509,LL,15.0
1396,2394,1,2.0585970878601074,-0.42403915524482727,1.8848352432250977,0.4657261073589325,4.499809670330265,3,0.6063046940960323,0.7799896670238583,HH,1.0
294,306,1,-0.44627782702445984,0.04081474244594574,-1.0660520792007446,0.5055625438690186,4.867534450455582,0,0.02286417749690124,-0.02286417749690124,HL,10.0
1876,1986,1,-0.45521074533462524,0.046387530863285065,-1.0660520792007446,0.4908819794654846,4.718498871295095,0,-0.05368813609447068,0.05368813609447068,HH,11.0
1050,1320,1,-0.8260421752929688,-0.3233709931373596,-1.0660520792007446,0.5089948177337646,3.465735902799726,0,0.32238275198669,-0.32238275198669,HL,17.0
561,1016,1,0.4830302596092224,0.9326039552688599,-1.0660520792007446,0.5008854866027832,1.3862943611198906,0,0.0019635684930921515,-0.0019635684930921515,LL,1.0
858,2182,1,-0.3721754252910614,0.11995960026979446,-1.0660520792007446,0.4968832731246948,3.58351893845611,0,0.014154250960697104,-0.014154250960697104,HL,12.0
151,2238,1,-0.755534291267395,-0.3146878778934479,-1.0660520792007446,0.5699382424354553,3.58351893845611,0,0.33113255442137635,-0.33113255442137635,HL,16.0
1171,1909,1,-0.856122612953186,-0.3233709931373596,-1.0660520792007446,0.47891438007354736,3.465735902799726,0,0.32238275198669,-0.32238275198669,HL,17.0
611,2690,1,0.9680772423744202,1.3911032676696777,-1.0660520792007446,0.5186265110969543,0.0,0,0.005607998023350025,-0.005607998023350025,LL,1.0
1154,1358,1,2.174903631210327,-0.36658337712287903,1.8847222328186035,0.5317277312278748,7.24422751560335,4,1.3515817363092628,0.25785617612483747,HH,1.0
541,1022,1,-0.8077141642570496,-0.32714003324508667,-1.0660520792007446,0.5317891836166382,3.332204510175204,0,0.2673219849287748,-0.2673219849287748,HL,16.0
132,379,1,2.1137919425964355,-0.4414498209953308,1.8781075477600098,0.5403679013252258,3.401197381662155,3,0.26384696130699403,1.1224473998128965,HH,1.0
1203,1410,1,-0.8651205897331238,-0.32714003324508667,-1.0660520792007446,0.4743827283382416,3.332204510175204,0,0.2736707198057347,-0.2736707198057347,HL,19.0
2151,2423,1,-0.6166812777519226,-0.08392718434333801,-1.0660520792007446,0.4698924124240875,2.4849066497880004,0,0.07308831329318342,-0.07308831329318342,LL,7.0
1641,2495,1,-0.4260280132293701,0.07002019882202148,-1.0660520792007446,0.5090636014938354,2.1972245773362196,0,0.05855290552618079,-0.05855290552618079,LL,12.0
478,514,1,2.3560304641723633,-0.11578301340341568,1.8102226257324219,0.4936644434928894,2.70805020110221,1,0.09010761782414507,0.6030395627358002,LH,1.0
2471,2493,1,-0.13561293482780457,0.34344977140426636,-1.0660520792007446,0.5010166764259338,2.0794415416798357,0,0.00466143951612129,-0.00466143951612129,LL,6.0
42,87,1,-0.012334267608821392,0.4824160039424896,-1.0660520792007446,0.48197415471076965,1.791759469228055,0,0.0038078221085974455,-0.0038078221085974455,LL,3.0
793,1902,1,2.3588337898254395,-0.13067205250263214,1.8025038242340088,0.5251500010490417,3.044522437723423,1,0.10158056607870163,0.5915666144812437,HH,1.0
30,738,1,-0.8543721437454224,-0.32788753509521484,-1.0660520792007446,0.4880959689617157,2.995732273553991,0,0.19295628247027677,-0.19295628247027677,HL,19.0
424,436,1,-0.3656505048274994,0.11995960026979446,-1.0660520792007446,0.5034081935882568,3.58351893845611,0,0.014154250960697104,-0.014154250960697104,HL,12.0
417,1072,1,2.1354501247406006,-0.3179803192615509,1.813903570175171,0.5013967752456665,4.90527477843843,1,0.54883783594781,0.1443093446121353,HH,1.0
1675,1914,1,-0.7823238372802734,-0.251720130443573,-1.0660520792007446,0.47497129440307617,4.5217885770490405,0,0.3419708911469701,-0.3419708911469701,HL,15.0
405,2059,1,-0.6009616851806641,-0.08392718434333801,-1.0660520792007446,0.4856119751930237,2.4849066497880004,0,0.07308831329318342,-0.07308831329318342,LL,12.0
1623,1769,1,-0.5940914154052734,-0.10217689722776413,-1.0660520792007446,0.5056003928184509,4.709530201312334,0,0.09548143894715085,-0.09548143894715085,HL,10.0
1194,2670,1,0.6088326573371887,1.037667989730835,-1.0660520792007446,0.5166836977005005,1.0986122886681098,0,0.0022117229465103377,-0.0022117229465103377,LL,2.0
85,2488,1,0.5714564323425293,1.037667989730835,-1.0660520792007446,0.47930750250816345,1.0986122886681098,0,-0.0003423412853868864,0.0003423412853868864,LH,1.0
2251,2252,1,0.6196261644363403,1.037667989730835,-1.0660520792007446,0.5274772047996521,1.0986122886681098,0,0.0022117229465103377,-0.0022117229465103377,LL,3.0
472,2029,1,-0.599696159362793,-0.13067205250263214,-1.0660520792007446,0.5322800278663635,3.044522437723423,0,0.12746879622718107,-0.12746879622718107,HL,13.0
267,2000,1,-0.6138264536857605,-0.08392718434333801,-1.0660520792007446,0.47274720668792725,2.4849066497880004,0,0.07308831329318342,-0.07308831329318342,LL,14.0
1889,1890,1,2.770322561264038,0.22686752676963806,1.8148218393325806,0.5412750244140625,2.6390573296152584,1,0.004773611269193868,0.6883735692907514,LH,1.0
1134,2296,1,-0.4502081871032715,0.07002019882202148,-1.0660520792007446,0.48488345742225647,2.1972245773362196,0,0.05855290552618079,-0.05855290552618079,LL,9.0
1635,2383,1,-0.8194551467895508,-0.3146878778934479,-1.0660520792007446,0.5060173869132996,3.58351893845611,0,0.33113255442137635,-0.33113255442137635,HL,18.0
423,525,1,2.0844972133636475,-0.36895543336868286,1.8135778903961182,0.5004338026046753,4.2484952420493585,1,0.4330264241275089,0.2601207564324364,HH,1.0
252,973,1,-0.7906000018119812,-0.27884000539779663,-1.0660520792007446,0.49588149785995483,4.0943445622221,0,0.3065546104261476,-0.3065546104261476,HL,16.0
1224,1370,1,2.083841323852539,-0.3926314115524292,1.8661117553710938,0.477199912071228,4.836281906951478,2,0.560404744450205,0.5382075442179047,HH,1.0
109,1772,1,2.139988422393799,-0.31301724910736084,1.813903570175171,0.501013994216919,4.976733742420574,1,0.6000068495795111,0.09314033098043417,HH,1.0
402,776,1,2.3807201385498047,-0.13067205250263214,1.863030195236206,0.4876556992530823,3.044522437723423,2,0.12746879622718107,0.9711434924409287,HH,1.0
1013,1293,1,-0.6327863931655884,-0.10795459896326065,-1.0660520792007446,0.4730749726295471,4.499809670330265,0,-0.05753966263513424,0.05753966263513424,HH,14.0
560,2526,1,0.32340049743652344,0.8198279142379761,-1.0660520792007446,0.47288593649864197,1.3862943611198906,0,0.005607998023350025,-0.005607998023350025,LL,3.0
306,308,1,2.3132545948028564,-0.19792009890079498,1.8664565086364746,0.5067938566207886,5.560681631015528,2,0.4741838851820337,0.6244284034860761,HH,1.0
1142,2326,1,-0.143686443567276,0.34344977140426636,-1.0660520792007446,0.4929431676864624,2.0794415416798357,0,0.00466143951612129,-0.00466143951612129,LL,6.0
71,2691,1,0.7475261092185974,1.191436767578125,-1.0660520792007446,0.5006934404373169,0.6931471805599453,0,-0.003923045039050046,0.003923045039050046,LH,1.0
460,1989,1,2.97189998626709,0.4824160039424896,1.813215732574463,0.4756506085395813,1.791759469228055,1,0.0025285671191815815,0.6906186134407637,LH,1.0
1531,1889,1,-0.5865352749824524,-0.13067205250263214,-1.0660520792007446,0.5454409122467041,3.044522437723423,0,0.10158056607870163,-0.10158056607870163,HL,14.0
1070,1470,1,-1.0255773067474365,-0.5192911624908447,-1.0660520792007446,0.5181030631065369,3.58351893845611,0,0.3519074535156894,-0.3519074535156894,HL,21.0
825,1765,1,0.2532132863998413,0.7201277017593384,-1.0660520792007446,0.4987448453903198,2.70805020110221,0,0.0073611389592028635,-0.0073611389592028635,LL,4.0
1399,2227,1,-0.883255124092102,-0.32788753509521484,-1.0660520792007446,0.459212988615036,2.995732273553991,0,0.19295628247027677,-0.19295628247027677,HL,21.0
1920,2310,1,-0.18158742785453796,0.34344977140426636,-1.0660520792007446,0.45504218339920044,2.0794415416798357,0,0.001303950124368511,-0.001303950124368511,LL,8.0
310,1241,1,-0.6102225184440613,-0.1272869110107422,-1.0660520792007446,0.5165007710456848,3.8712010109078907,0,0.19582535283203548,-0.19582535283203548,HL,15.0
653,1231,1,0.9388304352760315,1.3911032676696777,-1.0660520792007446,0.4893797039985657,0.0,0,0.005607998023350025,-0.005607998023350025,LL,1.0
472,1182,1,2.222421884536743,-0.32714003324508667,1.858987808227539,0.5449804663658142,3.332204510175204,2,0.2736707198057347,0.8249415688623751,HH,1.0
634,2227,1,-0.1396624743938446,0.34344977140426636,-1.0660520792007446,0.4969671368598938,2.0794415416798357,0,0.00466143951612129,-0.00466143951612129,LL,4.0
165,2706,1,2.2391018867492676,-0.2765498161315918,1.8642797470092773,0.49911564588546753,2.772588722239781,2,0.15213353179425623,0.9464787568738535,LH,1.0
1200,2414,1,0.0013242261484265327,0.4824160039424896,-1.0660520792007446,0.4956326484680176,1.791759469228055,0,0.0025285671191815815,-0.0025285671191815815,LL,4.0
839,965,1,-0.44832396507263184,0.07002019882202148,-1.0660520792007446,0.48676764965057373,2.1972245773362196,0,0.05855290552618079,-0.05855290552618079,LL,9.0
456,2347,1,2.3510220050811768,-0.1371074765920639,1.8160552978515625,0.5126693844795227,3.401197381662156,1,0.13173253004067853,0.5614146505192668,HH,2.0
1224,1525,1,-0.7835919857025146,-0.25735586881637573,-1.0660520792007446,0.479766309261322,4.430816798843313,0,0.3509976024575853,-0.3509976024575853,HL,14.0
1725,2597,1,2.0621395111083984,-0.4500202238559723,1.8590378761291504,0.5202928185462952,4.276666119016055,2,0.5211440237338216,0.5774682649342882,HH,2.0
186,1672,1,0.3462618589401245,0.8442447185516357,-1.0660520792007446,0.45854538679122925,1.791759469228055,0,0.0007744646918373267,-0.0007744646918373267,LL,1.0
281,2247,1,-1.0356528759002686,-0.5192911624908447,-1.0660520792007446,0.5080274939537048,3.58351893845611,0,0.3519074535156894,-0.3519074535156894,HL,20.0
1148,1317,1,2.3813042640686035,-0.13384577631950378,1.8102545738220215,0.5439595580101013,3.1780538303479453,1,0.1126625580390376,0.5804846225209077,HH,1.0
2221,2507,1,-0.5812579989433289,-0.1254507154226303,-1.0660520792007446,0.5458208918571472,2.8903717578961645,0,0.10532033765763509,-0.10532033765763509,LL,11.0
2247,2543,1,-0.6211038827896118,-0.1254507154226303,-1.0660520792007446,0.5059750080108643,2.8903717578961645,0,0.10532033765763509,-0.10532033765763509,LL,14.0
676,1955,1,-0.5909289121627808,-0.13067205250263214,-1.0660520792007446,0.5410472750663757,3.044522437723423,0,0.10158056607870163,-0.10158056607870163,HL,9.0
1072,1725,1,1.9629024267196655,-0.552249550819397,1.8785712718963623,0.5083375573158264,5.780743515792329,3,0.8713679288889952,0.5149264322308954,HH,1.0
764,1358,1,2.3307695388793945,-0.16827920079231262,1.8110122680664062,0.5491127967834473,6.327936783729195,1,0.4994838786011131,0.1936633019588322,HH,1.0
639,900,1,0.7499168515205383,1.191436767578125,-1.0660520792007446,0.5030841827392578,0.6931471805599453,0,-0.003923045039050046,0.003923045039050046,LH,2.0
1901,2284,1,-0.20453688502311707,0.25233668088912964,-1.0660520792007446,0.5258633494377136,2.4849066497880004,0,0.006304799829040667,-0.006304799829040667,LL,7.0
90,155,1,2.4474527835845947,-0.1254507154226303,1.8484395742416382,0.5580860376358032,2.8903717578961645,2,0.09034621382640036,1.0082660748417094,LH,1.0
1037,2654,1,2.568601369857788,0.07002019882202148,1.815232276916504,0.5113236308097839,2.1972245773362196,1,0.05855290552618079,0.6345942750337645,LH,1.0
609,2448,1,-0.6152315139770508,-0.13067205250263214,-1.0660520792007446,0.5167446732521057,3.044522437723423,0,0.12746879622718107,-0.12746879622718107,HL,14.0
454,1441,1,-1.0473836660385132,-0.5342113971710205,-1.0660520792007446,0.5040146708488464,5.087596335232384,0,0.37342907747647736,-0.37342907747647736,HL,21.0
434,1524,1,2.3450124263763428,-0.11578301340341568,1.8096704483032227,0.48142632842063904,2.70805020110221,1,0.10064269733935088,0.5925044832205943,LH,1.0
1676,1914,1,-0.8610475659370422,-0.32952189445495605,-1.0660520792007446,0.4771089255809784,4.74493212836325,0,0.5935878933078973,-0.5935878933078973,HL,17.0
449,2581,1,0.041502583771944046,0.4824160039424896,-1.0660520792007446,0.5358110070228577,1.791759469228055,0,0.0025285671191815815,-0.0025285671191815815,LL,3.0
487,1773,1,-0.9152553081512451,-0.40870776772499084,-1.0660520792007446,0.5086208581924438,3.8066624897703196,0,0.43681545749104356,-0.43681545749104356,HL,19.0
666,1973,1,-0.8158664703369141,-0.28849735856056213,-1.0660520792007446,0.4810560941696167,3.951243718581427,0,0.23542315349066842,-0.23542315349066842,HL,10.0
873,2313,1,0.4725422263145447,0.9326039552688599,-1.0660520792007446,0.49039748311042786,1.3862943611198906,0,-0.0008206311654392674,0.0008206311654392674,LH,2.0
1986,1991,1,-0.4589381814002991,0.046387530863285065,-1.0660520792007446,0.4871545433998108,4.718498871295095,0,-0.02608098190988408,0.02608098190988408,HH,11.0
210,1079,1,-0.8471738696098328,-0.3233709931373596,-1.0660520792007446,0.48786312341690063,3.465735902799726,0,0.32238275198669,-0.32238275198669,HL,17.0
108,2157,1,-0.6548336744308472,-0.11578301340341568,-1.0660520792007446,0.4630284309387207,2.70805020110221,0,0.09010761782414507,-0.09010761782414507,LL,14.0
534,609,1,-0.23033273220062256,0.22686752676963806,-1.0660520792007446,0.5266772508621216,2.6390573296152584,0,0.001529368979013753,-0.001529368979013753,LL,12.0
1807,2034,1,-0.7972972989082336,-0.2986524701118469,-1.0660520792007446,0.5078797340393066,5.19295685089021,0,0.21869650640109006,-0.21869650640109006,HL,16.0
1310,2692,1,0.9617823362350464,1.3911032676696777,-1.0660520792007446,0.5123316049575806,0.0,0,0.005607998023350025,-0.005607998023350025,LL,1.0
201,1701,1,2.1430301666259766,-0.3114788234233856,1.8092288970947266,0.5099911093711853,5.98141421125448,1,0.7263088424121653,-0.033161661852220026,HL,1.0
2075,2077,1,2.026625156402588,-0.4984703063964844,1.8860002756118774,0.506364643573761,3.8712010109078907,3,0.6211649140792158,0.7651294470406748,HH,2.0
367,2451,1,-0.270882248878479,0.17858800292015076,-1.0660520792007446,0.5367153286933899,2.9957322735539913,0,0.015673832249536907,-0.015673832249536907,HL,9.0
40,1364,1,0.5784918069839478,1.037667989730835,-1.0660520792007446,0.4863428473472595,1.0986122886681098,0,-0.0003423412853868864,0.0003423412853868864,LH,2.0
110,567,1,2.021702527999878,-0.4414498209953308,1.807300329208374,0.5150631666183472,3.401197381662155,1,0.26384696130699403,0.42930021925295125,HH,1.0
961,2555,1,2.178060293197632,-0.32788753509521484,1.864228367805481,0.49391400814056396,2.995732273553991,2,0.1713460618415257,0.9272662268265841,HH,1.0
444,2289,1,-0.8343234062194824,-0.32788753509521484,-1.0660520792007446,0.508144736289978,2.995732273553991,0,0.19295628247027677,-0.19295628247027677,HL,13.0
142,1628,1,-0.7896130681037903,-0.2745974659919739,-1.0660520792007446,0.4922935962677002,4.1588830833596715,0,0.21925365273991088,-0.21925365273991088,HL,14.0
290,1765,1,-0.8546044826507568,-0.36313486099243164,-1.0660520792007446,0.5197038054466248,4.31748811353631,0,0.5150651712150208,-0.5150651712150208,HL,20.0
167,1056,1,2.999799966812134,0.4824160039424896,1.8163466453552246,0.5003198385238647,1.791759469228055,1,0.0025285671191815815,0.6906186134407637,LH,1.0
353,1345,1,2.9021925926208496,0.34344977140426636,1.8063554763793945,0.5541032552719116,2.0794415416798357,1,0.001303950124368511,0.6918432304355768,LH,1.0
2304,2385,1,-0.6084206104278564,-0.11578301340341568,-1.0660520792007446,0.5094414353370667,2.70805020110221,0,0.09010761782414507,-0.09010761782414507,LL,14.0
306,2080,1,2.1151082515716553,-0.41887110471725464,1.8967807292938232,0.5126068592071533,6.476972362889683,7,1.2028462400388193,0.8765953016410164,HH,1.0
918,1098,1,0.01264422107487917,0.4824160039424896,-1.0660520792007446,0.5069526433944702,1.791759469228055,0,0.0025285671191815815,-0.0025285671191815815,LL,2.0
962,1809,1,2.3903648853302,-0.13067205250263214,1.8647817373275757,0.49642837047576904,3.044522437723423,2,0.12746879622718107,0.9711434924409287,HH,1.0
1721,2476,1,1.9560482501983643,-0.5079482793807983,1.8066530227661133,0.519456684589386,3.737669618283368,1,0.39987553631756634,0.29327164424237895,HH,1.0
347,408,1,2.125580072402954,-0.33032965660095215,1.8107671737670898,0.49469369649887085,3.1780538303479453,1,0.19666755035521055,0.49647963020473473,HH,1.0
526,1007,1,2.2211012840270996,-0.2765498161315918,1.8136111497879028,0.5314757227897644,2.772588722239781,1,0.15213353179425623,0.541013648765689,LH,1.0
309,2305,1,-0.623126745223999,-0.11578301340341568,-1.0660520792007446,0.4947353005409241,2.70805020110221,0,0.09010761782414507,-0.09010761782414507,LL,16.0
717,1907,1,0.3131659924983978,0.7964718341827393,-1.0660520792007446,0.47665780782699585,2.0794415416798357,0,0.0019960449362233118,-0.0019960449362233118,LL,1.0
482,2230,1,-0.8475778698921204,-0.32714003324508667,-1.0660520792007446,0.4919254779815674,3.332204510175204,0,0.2736707198057347,-0.2736707198057347,HL,16.0
1623,1772,1,2.163856267929077,-0.2969002425670624,1.8160669803619385,0.5062127709388733,5.220355825078324,1,0.16707844079354078,0.5260687397664046,HH,1.0
870,1119,1,2.3262076377868652,-0.13422107696533203,1.8138935565948486,0.49063780903816223,3.6635616461296463,1,0.18575670134695818,0.5073904792129871,HH,1.0
833,1678,1,-0.2804623246192932,0.22686752676963806,-1.0660520792007446,0.4765476584434509,2.6390573296152584,0,0.004773611269193868,-0.004773611269193868,LL,9.0
1133,1500,1,2.4790163040161133,-0.08392718434333801,1.8617337942123413,0.5324314832687378,2.4849066497880004,2,0.07871865798170424,1.0198936306864055,LH,1.0
733,862,1,-0.3796434700489044,0.08989502489566803,-1.0660520792007446,0.5209136009216309,3.9512437185814275,0,0.025217654115388885,-0.025217654115388885,HL,12.0
1301,2140,1,-0.7822234630584717,-0.32788753509521484,-1.0660520792007446,0.5602446794509888,2.995732273553991,0,0.19295628247027677,-0.19295628247027677,HL,17.0
551,2388,1,0.4076578617095947,0.8804404735565186,-1.0660520792007446,0.4812141954898834,1.6094379124341003,0,-0.0002721648943396706,0.0002721648943396706,LH,1.0
269,321,1,-0.6357876062393188,-0.11578301340341568,-1.0660520792007446,0.482074499130249,2.70805020110221,0,0.10064269733935088,-0.10064269733935088,LL,16.0
88,415,1,1.9006189107894897,-0.6171993017196655,1.897052526473999,0.49496427178382874,6.461468176353717,10,1.2418900011596266,1.1560052716387441,HH,1.0
1955,2235,1,-0.5922266244888306,-0.13067205250263214,-1.0660520792007446,0.5397495627403259,3.044522437723423,0,0.12746879622718107,-0.12746879622718107,HL,13.0
657,2522,1,2.3386077880859375,-0.1379125416278839,1.8118829727172852,0.5085356831550598,3.4965075614664807,1,0.14922839794526163,0.5439187826146836,HH,1.0
901,1042,1,2.0981037616729736,-0.34828296303749084,1.80681574344635,0.49750691652297974,4.499809670330265,1,0.4227394128297483,0.270407767730197,HH,1.0
119,1549,1,2.409221649169922,-0.1254507154226303,1.8030900955200195,0.5657685995101929,2.8903717578961645,1,0.10532033765763509,0.5878268429023102,LH,1.0
482,1810,1,2.1062285900115967,-0.3853135406970978,1.8602524995803833,0.5006983876228333,5.60947179518496,2,0.6180016346422113,0.48061065402589853,HH,2.0
48,598,1,-0.9730283617973328,-0.4526757299900055,-1.0660520792007446,0.4928191006183624,5.375278407684165,0,0.84456789900474,-0.84456789900474,HL,21.0
744,1154,1,2.1754443645477295,-0.30701351165771484,1.809128999710083,0.5272091627120972,3.6888794541139367,1,0.34057746312060994,0.35256971743933535,HH,1.0
1951,2206,1,2.572077512741089,0.07002019882202148,1.814955234527588,0.5150667428970337,2.1972245773362196,1,0.05855290552618079,0.6345942750337645,LH,1.0
537,1165,1,2.794741630554199,0.28793463110923767,1.8189096450805664,0.49428704380989075,2.3025850929940455,1,0.005727774340772303,0.687419406219173,LH,1.0
439,1169,1,-0.3439164161682129,0.1075885146856308,-1.0660520792007446,0.5380994081497192,3.7376696182833684,0,0.043144823957671545,-0.043144823957671545,HL,11.0
649,1171,1,0.3221852481365204,0.7964718341827393,-1.0660520792007446,0.4856770634651184,2.0794415416798357,0,0.0019960449362233118,-0.0019960449362233118,LL,1.0
117,259,1,3.345655679702759,0.8198279142379761,1.8156721591949463,0.5167940258979797,1.3862943611198906,1,0.005607998023350025,0.6875391825365953,LH,1.0
760,985,1,-0.8286446332931519,-0.33032965660095215,-1.0660520792007446,0.514918863773346,3.1780538303479453,0,0.22812032499387622,-0.22812032499387622,HL,20.0
1724,2215,1,2.1437411308288574,-0.32788753509521484,1.8186883926391602,0.501820981502533,2.995732273553991,1,0.19295628247027677,0.5001908980896685,HH,1.0
2181,2196,1,0.4319743514060974,0.8804404735565186,-1.0660520792007446,0.5055307149887085,1.6094379124341003,0,-0.001071026361763528,0.001071026361763528,LH,1.0
56,447,1,2.376008987426758,-0.08392718434333801,1.8132498264312744,0.4759652614593506,2.4849066497880004,1,0.07308831329318342,0.6200588672667618,LH,1.0
1061,1196,1,-0.12641820311546326,0.34344977140426636,-1.0660520792007446,0.5102114081382751,2.0794415416798357,0,0.00466143951612129,-0.00466143951612129,LL,10.0
1131,1909,1,-0.7915953993797302,-0.2604462206363678,-1.0660520792007446,0.4750918745994568,4.382026634673881,0,0.2682134069482162,-0.2682134069482162,HL,10.0
448,1826,1,2.1466379165649414,-0.32714003324508667,1.8095941543579102,0.5162528157234192,3.332204510175204,1,0.2673219849287748,0.4258251956311705,HH,1.0
133,1623,1,2.122889995574951,-0.38924920558929443,1.866471290588379,0.5157766938209534,5.556828061699537,2,0.4468777103504603,0.6517345783176495,HH,1.0
985,1073,1,-0.13114610314369202,0.34344977140426636,-1.0660520792007446,0.5054835081100464,2.0794415416798357,0,0.001303950124368511,-0.001303950124368511,LL,7.0
701,2062,1,2.8782052993774414,0.34344977140426636,1.7990682125091553,0.5379024744033813,2.0794415416798357,1,0.001303950124368511,0.6918432304355768,LH,1.0
767,873,1,-0.8172957301139832,-0.2765498161315918,-1.0660520792007446,0.4753360152244568,2.772588722239781,0,0.15213353179425623,-0.15213353179425623,LL,16.0
1712,1725,1,2.3589887619018555,-0.1369345635175705,1.809682846069336,0.5306962132453918,3.58351893845611,1,0.15192953916947502,0.5412176413904702,HH,1.0
6,373,1,-0.44310474395751953,0.07002019882202148,-1.0660520792007446,0.49198687076568604,2.1972245773362196,0,0.05855290552618079,-0.05855290552618079,LL,12.0
1463,2133,1,1.9474303722381592,-0.5597336292266846,1.8848881721496582,0.4909428358078003,3.8918202981106265,3,0.48795392679835686,0.8983404343215338,HH,1.0
229,1894,1,0.24201743304729462,0.7437241673469543,-1.0660520792007446,0.46216636896133423,2.4849066497880004,0,-0.0006850169752293639,0.0006850169752293639,LH,2.0
1358,1745,1,2.2587826251983643,-0.2712182104587555,1.8610731363296509,0.536043643951416,6.733401891837358,2,0.6159818598594827,0.48263042880862705,HH,1.0
1334,1542,1,2.1351888179779053,-0.3154408037662506,1.8145899772644043,0.4959336817264557,4.941642422609304,1,0.6353102117736417,0.05783696878630362,HH,2.0
442,2362,1,0.345463365316391,0.8173813819885254,-1.0660520792007446,0.48652923107147217,1.9459101490553132,0,-0.00226024612928275,0.00226024612928275,LH,2.0
383,2268,1,2.354356050491333,-0.1254507154226303,1.8163046836853027,0.4958639144897461,2.8903717578961645,1,0.09034621382640036,0.6028009667335449,LH,1.0
525,1628,1,1.9036132097244263,-0.6156638860702515,1.8930890560150146,0.49551981687545776,5.4116460518550396,4,0.7474064185397251,0.8620314938943752,HH,1.0
1899,1902,1,-0.8310522437095642,-0.32714003324508667,-1.0660520792007446,0.5084511041641235,3.332204510175204,0,0.2673219849287748,-0.2673219849287748,HL,15.0
1986,2001,1,1.9621368646621704,-0.5135518908500671,1.8612996339797974,0.4832916259765625,6.73340189183736,2,1.2411783625402473,-0.1425660738721375,HL,2.0
1358,1761,1,2.232222557067871,-0.2712182104587555,1.8602986335754395,0.5102474689483643,6.733401891837358,2,0.6159818598594827,0.48263042880862705,HH,1.0
745,1986,1,2.1118946075439453,-0.3882589340209961,1.879930019378662,0.4963394105434418,6.104793232414986,6,0.802008965630823,1.1439011834244903,HH,1.0
32,518,1,-0.8180980682373047,-0.2765498161315918,-1.0660520792007446,0.47453364729881287,2.772588722239781,0,0.15213353179425623,-0.15213353179425623,LL,16.0
1427,2446,1,-0.6103789210319519,-0.13067205250263214,-1.0660520792007446,0.5215972661972046,3.044522437723423,0,0.10158056607870163,-0.10158056607870163,HL,10.0
368,428,1,2.1955244541168213,-0.32788753509521484,1.80575430393219,0.5646008849143982,2.995732273553991,1,0.1713460618415257,0.5218011187184196,HH,1.0
47,163,1,0.7831118702888489,1.191436767578125,-1.0660520792007446,0.5362792015075684,0.6931471805599453,0,-0.003923045039050046,0.003923045039050046,LH,1.0
1671,2137,1,-0.5997732877731323,-0.08392718434333801,-1.0660520792007446,0.4868003726005554,2.4849066497880004,0,0.07871865798170424,-0.07871865798170424,LL,12.0
710,2212,1,2.2024447917938232,-0.2765498161315918,1.8162087202072144,0.5096116065979004,2.772588722239781,1,0.15213353179425623,0.541013648765689,LH,1.0
218,2119,1,-0.32273995876312256,0.167713463306427,-1.0660520792007446,0.49627843499183655,3.091042453358316,0,0.011691299809674925,-0.011691299809674925,HL,12.0
441,1537,1,-0.6245186924934387,-0.1371074765920639,-1.0660520792007446,0.5133030414581299,3.401197381662156,0,0.13173253004067853,-0.13173253004067853,HL,13.0
665,2122,1,-0.8849185109138489,-0.42177969217300415,-1.0660520792007446,0.5530964732170105,3.688879454113936,0,0.4148821798570165,-0.4148821798570165,HL,19.0
325,1848,1,0.41102510690689087,0.8804404735565186,-1.0660520792007446,0.48458147048950195,1.6094379124341003,0,-0.0002721648943396706,0.0002721648943396706,LH,3.0
120,2405,1,2.0784666538238525,-0.43811193108558655,1.8829572200775146,0.4992501437664032,3.5553480614894135,3,0.361333107938517,1.0249612531813737,HH,2.0
1215,1894,1,-0.8304833769798279,-0.29404234886169434,-1.0660520792007446,0.472452849149704,3.8712010109078907,0,0.18027880523681064,-0.18027880523681064,HL,16.0
1206,1257,1,0.28884798288345337,0.7201277017593384,-1.0660520792007446,0.5343795418739319,2.70805020110221,0,0.0073611389592028635,-0.0073611389592028635,LL,4.0
50,1441,1,0.23643505573272705,0.703533411026001,-1.0660520792007446,0.49994176626205444,2.8903717578961645,0,-0.02299737189798596,0.02299737189798596,LH,2.0
1185,1992,1,-0.2359449565410614,0.25233668088912964,-1.0660520792007446,0.4944552779197693,2.4849066497880004,0,0.006304799829040667,-0.006304799829040667,LL,7.0
1090,2367,1,2.0250322818756104,-0.5002689361572266,1.8956482410430908,0.5005396604537964,4.51085950651685,5,0.7063358438066375,1.0854236254214173,HH,1.0
1041,2448,1,-0.6007052659988403,-0.11578301340341568,-1.0660520792007446,0.5171568393707275,2.70805020110221,0,0.10064269733935088,-0.10064269733935088,LL,11.0
86,1336,1,2.3488972187042236,-0.13067205250263214,1.813364863395691,0.5021446943283081,3.044522437723423,1,0.10158056607870163,0.5915666144812437,HH,1.0
1462,1663,1,2.386993885040283,-0.08392718434333801,1.8165879249572754,0.482967734336853,2.4849066497880004,1,0.07871865798170424,0.6144285225782411,LH,1.0
542,1245,1,2.19468355178833,-0.2765498161315918,1.813903570175171,0.5053185820579529,2.772588722239781,1,0.15213353179425623,0.541013648765689,LH,1.0
1224,1660,1,2.378390312194824,-0.11857205629348755,1.8660516738891602,0.48309099674224854,4.143134726391533,2,0.13611188498910007,0.9625004036790097,HH,1.0
219,507,1,2.3297736644744873,-0.1253032386302948,1.813129186630249,0.48735231161117554,3.931825632724326,1,0.17084152538457,0.5223056551753753,HH,2.0
372,626,1,-0.5896420478820801,-0.08392718434333801,-1.0660520792007446,0.49693161249160767,2.4849066497880004,0,0.07308831329318342,-0.07308831329318342,LL,11.0
59,1725,1,1.8854061365127563,-0.5891797542572021,1.809682846069336,0.5315861701965332,4.787491742782047,1,1.0310969166429709,-0.3379497360830256,HL,1.0
1424,1621,1,0.3574455976486206,0.8198279142379761,-1.0660520792007446,0.5069310069084167,1.3862943611198906,0,0.005607998023350025,-0.005607998023350025,LL,4.0
868,2099,1,2.3143179416656494,-0.13384577631950378,1.8146255016326904,0.47387564182281494,3.1780538303479453,1,0.11905324286999194,0.5740939376899533,HH,1.0
1281,1746,1,2.3768603801727295,-0.08392718434333801,1.809682846069336,0.4794188141822815,2.4849066497880004,1,0.07871865798170424,0.6144285225782411,LH,1.0
443,1264,1,2.4519712924957275,-0.08392718434333801,1.808677315711975,0.5537559986114502,2.4849066497880004,1,0.07871865798170424,0.6144285225782411,LH,1.0
807,1956,1,2.4355416297912598,-0.08392718434333801,1.7964541912078857,0.5501406192779541,2.4849066497880004,1,0.07871865798170424,0.6144285225782411,LH,1.0
1204,1839,1,-0.9754014015197754,-0.4414498209953308,-1.0660520792007446,0.485464870929718,3.401197381662155,0,0.26384696130699403,-0.26384696130699403,HL,21.0
750,1441,1,0.2637922763824463,0.703533411026001,-1.0660520792007446,0.5272989869117737,2.8903717578961645,0,-0.02299737189798596,0.02299737189798596,LH,6.0
2112,2436,1,-0.8596142530441284,-0.33032965660095215,-1.0660520792007446,0.483949214220047,3.1780538303479453,0,0.22812032499387622,-0.22812032499387622,HL,19.0
624,1232,1,0.35091274976730347,0.8198279142379761,-1.0660520792007446,0.5003981590270996,1.3862943611198906,0,0.005607998023350025,-0.005607998023350025,LL,1.0
205,1701,1,2.4991836547851562,0.040262676775455475,1.8125524520874023,0.49100202322006226,4.882801922586371,1,0.007787435201420439,0.6853597453585248,HH,1.0
921,1914,1,-0.6298355460166931,-0.11577142775058746,-1.0660520792007446,0.48441529273986816,4.23410650459726,0,0.15092469489611152,-0.15092469489611152,HL,17.0
519,598,1,-1.046555519104004,-0.5312309861183167,-1.0660520792007446,0.5007594227790833,5.6937321388027,0,0.5844816036125561,-0.5844816036125561,HL,20.0
1515,2234,1,0.7610048651695251,1.191436767578125,-1.0660520792007446,0.5141721963882446,0.6931471805599453,0,-0.003923045039050046,0.003923045039050046,LH,1.0
469,2412,1,0.0029150741174817085,0.4824160039424896,-1.0660520792007446,0.49722349643707275,1.791759469228055,0,0.0025285671191815815,-0.0025285671191815815,LL,5.0
64,1209,1,0.12851302325725555,0.4824160039424896,-1.0660520792007446,0.6228214502334595,1.791759469228055,0,0.0025285671191815815,-0.0025285671191815815,LL,4.0
306,1779,1,2.1514499187469482,-0.31239062547683716,1.8162921667099,0.5124601721763611,5.966146739123692,1,0.604581609411574,0.08856557114837127,HH,1.0
1433,2359,1,-0.6226904392242432,-0.1379125416278839,-1.0660520792007446,0.5158082246780396,3.4965075614664807,0,0.15737039381586895,-0.15737039381586895,HL,13.0
1070,1358,1,2.2273199558258057,-0.2712182104587555,1.8619873523712158,0.5049064755439758,6.733401891837358,2,0.8581388345593598,0.24047345410874998,HH,1.0
1810,1812,1,-0.7983922958374023,-0.29357537627220154,-1.0660520792007446,0.5013777017593384,5.272999558563747,0,0.30958036695358715,-0.30958036695358715,HL,16.0
695,1336,1,1.9393802881240845,-0.5079482793807983,1.8128201961517334,0.4965163469314575,3.737669618283368,1,0.3975027598525836,0.2956444207073617,HH,1.0
667,2364,1,-0.4508253335952759,0.07002019882202148,-1.0660520792007446,0.4842662811279297,2.1972245773362196,0,0.05855290552618079,-0.05855290552618079,LL,10.0
945,2388,1,-0.847315788269043,-0.32788753509521484,-1.0660520792007446,0.49515238404273987,2.995732273553991,0,0.1713460618415257,-0.1713460618415257,HL,17.0
843,2542,1,0.43606632947921753,0.9326039552688599,-1.0660520792007446,0.4539215564727783,1.3862943611198906,0,-0.0008206311654392674,0.0008206311654392674,LH,2.0
1358,1713,1,-0.6962395906448364,-0.16827920079231262,-1.0660520792007446,0.47219201922416687,6.327936783729195,0,0.6182425735389762,-0.6182425735389762,HL,17.0
905,1483,1,2.301445722579956,-0.25735586881637573,1.884101152420044,0.5362372398376465,4.430816798843313,3,0.4062178768515625,0.980076484268328,HH,1.0
1059,1600,1,0.9605479836463928,1.3911032676696777,-1.0660520792007446,0.511097252368927,0.0,0,0.005607998023350025,-0.005607998023350025,LL,1.0
403,806,1,2.752699375152588,0.22686752676963806,1.8152939081192017,0.5249130129814148,2.6390573296152584,1,0.004773611269193868,0.6883735692907514,LH,1.0
228,322,1,0.436328649520874,0.8804404735565186,-1.0660520792007446,0.5098850131034851,1.6094379124341003,0,-0.001071026361763528,0.001071026361763528,LH,4.0
1148,2220,1,2.437053680419922,-0.08392718434333801,1.8102545738220215,0.5391104221343994,2.4849066497880004,1,0.07308831329318342,0.6200588672667618,LH,1.0
1317,1720,1,-0.7928521633148193,-0.3233709931373596,-1.0660520792007446,0.5421848297119141,3.465735902799726,0,0.32238275198669,-0.32238275198669,HL,16.0
1553,1827,1,2.1882925033569336,-0.2765498161315918,1.8033804893493652,0.5093478560447693,2.772588722239781,1,0.15213353179425623,0.541013648765689,LH,1.0
2147,2486,1,2.363145589828491,-0.11578301340341568,1.8037238121032715,0.5040921568870544,2.70805020110221,1,0.10064269733935088,0.5925044832205943,LH,1.0
604,1914,1,2.105666160583496,-0.32952189445495605,1.8147523403167725,0.4818863570690155,4.74493212836325,1,0.5935878933078973,0.09955928725204799,HH,1.0
2164,2282,1,-0.24931296706199646,0.25233668088912964,-1.0660520792007446,0.48108726739883423,2.4849066497880004,0,0.0010825582690297737,-0.0010825582690297737,LL,9.0
175,2217,1,-0.8584005236625671,-0.32714003324508667,-1.0660520792007446,0.4811028242111206,3.332204510175204,0,0.2736707198057347,-0.2736707198057347,HL,21.0
1957,2630,1,-0.2382064163684845,0.25233668088912964,-1.0660520792007446,0.4921938180923462,2.4849066497880004,0,0.006304799829040667,-0.006304799829040667,LL,10.0
1054,1432,1,2.3595004081726074,-0.1254507154226303,1.8074331283569336,0.512252688407898,2.8903717578961645,1,0.10532033765763509,0.5878268429023102,LH,1.0
289,1722,1,2.569777727127075,0.07002019882202148,1.809682846069336,0.5176380276679993,2.1972245773362196,1,0.05855290552618079,0.6345942750337645,LH,1.0
466,1305,1,2.8025293350219727,0.28793463110923767,1.809682846069336,0.5115771293640137,2.3025850929940455,1,0.005727774340772303,0.687419406219173,LH,1.0
1098,2067,1,0.013974596746265888,0.4824160039424896,-1.0660520792007446,0.5082830190658569,1.791759469228055,0,0.0038078221085974455,-0.0038078221085974455,LL,4.0
981,1221,1,-0.19527310132980347,0.28793463110923767,-1.0660520792007446,0.4986482262611389,2.3025850929940455,0,0.004635655417097856,-0.004635655417097856,LL,6.0
293,2038,1,0.7474213242530823,1.191436767578125,-1.0660520792007446,0.5005886554718018,0.6931471805599453,0,-0.003923045039050046,0.003923045039050046,LH,1.0
1270,2034,1,-0.441252201795578,0.06494095176458359,-1.0660520792007446,0.48547565937042236,4.276666119016055,0,-0.028533553846477183,0.028533553846477183,HH,10.0
618,938,1,-0.014149497263133526,0.4824160039424896,-1.0660520792007446,0.4801589250564575,1.791759469228055,0,0.0038078221085974455,-0.0038078221085974455,LL,4.0
1197,1791,1,0.007337738759815693,0.4824160039424896,-1.0660520792007446,0.5016461610794067,1.791759469228055,0,0.0038078221085974455,-0.0038078221085974455,LL,4.0
1098,1477,1,2.859300136566162,0.34344977140426636,1.8070729970932007,0.5120024681091309,2.0794415416798357,1,0.00466143951612129,0.688485741043824,LH,1.0
266,809,1,2.113771677017212,-0.32788753509521484,1.8090951442718506,0.4815806746482849,2.995732273553991,1,0.1713460618415257,0.5218011187184196,HH,1.0
131,2169,1,-0.13497957587242126,0.34344977140426636,-1.0660520792007446,0.5016500353813171,2.0794415416798357,0,0.00466143951612129,-0.00466143951612129,LL,7.0
1147,2371,1,2.3505048751831055,-0.13067205250263214,1.8166776895523071,0.5018107295036316,3.044522437723423,1,0.12746879622718107,0.5656783843327642,HH,1.0
142,2181,1,2.1206986904144287,-0.32788753509521484,1.8107671737670898,0.4852461814880371,2.995732273553991,1,0.1713460618415257,0.5218011187184196,HH,1.0
1236,2479,1,0.9100853800773621,1.3911032676696777,-1.0660520792007446,0.46063464879989624,0.0,0,0.005607998023350025,-0.005607998023350025,LL,1.0
18,2082,1,0.48063987493515015,0.9326039552688599,-1.0660520792007446,0.4984951317310333,1.3862943611198906,0,-0.0008206311654392674,0.0008206311654392674,LH,2.0
531,606,1,-0.2108209729194641,0.28793463110923767,-1.0660520792007446,0.48310035467147827,2.3025850929940455,0,0.004635655417097856,-0.004635655417097856,LL,11.0
1682,2319,1,2.343712568283081,-0.13583840429782867,1.8139746189117432,0.5060880184173584,3.295836866004329,1,0.10485589335400489,0.5882912872059404,HH,1.0
405,1275,1,-0.003228495828807354,0.4824160039424896,-1.0660520792007446,0.4910799264907837,1.791759469228055,0,0.0025285671191815815,-0.0025285671191815815,LL,4.0
429,2043,1,-0.34492915868759155,0.1362047791481018,-1.0660520792007446,0.5071338415145874,3.4011973816621555,0,0.0005026343861384733,-0.0005026343861384733,HL,16.0
836,2403,1,-0.2540235221385956,0.25233668088912964,-1.0660520792007446,0.4763767123222351,2.4849066497880004,0,0.006304799829040667,-0.006304799829040667,LL,11.0
2181,2202,1,-0.8612430691719055,-0.32788753509521484,-1.0660520792007446,0.48122507333755493,2.995732273553991,0,0.19295628247027677,-0.19295628247027677,HL,16.0
296,2685,1,2.8984200954437256,0.34344977140426636,1.8072519302368164,0.5505719184875488,2.0794415416798357,1,0.00466143951612129,0.688485741043824,LH,1.0
1701,1865,1,-0.5867112874984741,-0.08797883242368698,-1.0660520792007446,0.4979114234447479,5.288267030694535,0,0.171084457572507,-0.171084457572507,HL,12.0
468,1311,1,2.867438554763794,0.34344977140426636,1.8076984882354736,0.5197782516479492,2.0794415416798357,1,0.00466143951612129,0.688485741043824,LH,1.0
577,2352,1,2.3150341510772705,-0.13384577631950378,1.8084205389022827,0.4778059720993042,3.1780538303479453,1,0.11905324286999194,0.5740939376899533,HH,1.0
830,1914,1,-0.4045843183994293,0.10053782165050507,-1.0660520792007446,0.4848223924636841,3.828641396489095,0,0.007486715606479116,-0.007486715606479116,HL,7.0
1072,1801,1,2.1533632278442383,-0.3179803192615509,1.8156118392944336,0.5172746777534485,4.90527477843843,1,0.5138747302940715,0.1792724502658738,HH,1.0
57,2418,1,0.35071849822998047,0.8442447185516357,-1.0660520792007446,0.4630020260810852,1.791759469228055,0,-0.002556796477075254,0.002556796477075254,LH,4.0
374,2147,1,-0.9558786153793335,-0.4414498209953308,-1.0660520792007446,0.5049875974655151,3.401197381662155,0,0.3121921511787989,-0.3121921511787989,HL,21.0
380,930,1,3.317390203475952,0.8198279142379761,1.8008835315704346,0.503480076789856,1.3862943611198906,1,0.005607998023350025,0.6875391825365953,LH,1.0
1441,2272,1,0.19673743844032288,0.703533411026001,-1.0660520792007446,0.46024414896965027,2.8903717578961645,0,-0.01658025005411957,0.01658025005411957,LH,2.0
2034,2042,1,2.575371026992798,0.06494095176458359,1.8054826259613037,0.5422003269195557,4.276666119016055,1,0.017192800982744064,0.6759543795772012,HH,1.0
445,909,1,0.7455318570137024,1.191436767578125,-1.0660520792007446,0.4986991882324219,0.6931471805599453,0,-0.003923045039050046,0.003923045039050046,LH,1.0
302,1158,1,-0.9469093680381775,-0.43811193108558655,-1.0660520792007446,0.5087226033210754,3.5553480614894135,0,0.361333107938517,-0.361333107938517,HL,18.0
91,2380,1,2.448869228363037,-0.1254507154226303,1.8622758388519287,0.5469452142715454,2.8903717578961645,2,0.10532033765763509,0.9932919510104747,LH,1.0
651,2156,1,2.1064469814300537,-0.32714003324508667,1.812575101852417,0.47346049547195435,3.332204510175204,1,0.2736707198057347,0.4194764607542106,HH,1.0
95,734,1,1.906963586807251,-0.5762433409690857,1.864260196685791,0.4866381883621216,5.342334251964811,2,1.1047492017766722,-0.006136913108562458,HL,2.0
55,2020,1,2.674009323120117,0.19151657819747925,1.8145127296447754,0.48753637075424194,2.890371757896165,1,-0.005548187796050089,0.6986953683559953,LH,1.0
1097,1115,1,2.009101629257202,-0.4414498209953308,1.8160974979400635,0.49197202920913696,3.401197381662155,1,0.26384696130699403,0.42930021925295125,HH,2.0
513,565,1,-0.28827136754989624,0.167713463306427,-1.0660520792007446,0.5307469964027405,3.091042453358316,0,0.015105160371462138,-0.015105160371462138,HL,6.0
1848,2419,1,-0.8484557867050171,-0.32788753509521484,-1.0660520792007446,0.49401238560676575,2.995732273553991,0,0.19295628247027677,-0.19295628247027677,HL,18.0
596,644,1,2.003690719604492,-0.4414498209953308,1.809521198272705,0.4948824942111969,3.401197381662155,1,0.26384696130699403,0.42930021925295125,HH,1.0
506,1013,1,-0.750907301902771,-0.23617586493492126,-1.0660520792007446,0.4897124767303467,4.787491742782046,0,0.16295674237961752,-0.16295674237961752,HL,19.0
1110,1224,1,-0.7787746787071228,-0.25735586881637573,-1.0660520792007446,0.48458361625671387,4.430816798843313,0,0.4062178768515625,-0.4062178768515625,HL,18.0
458,1953,1,2.398475170135498,-0.1254507154226303,1.8062249422073364,0.5532316565513611,2.8903717578961645,1,0.10532033765763509,0.5878268429023102,LH,1.0
693,2108,1,-0.15584954619407654,0.34344977140426636,-1.0660520792007446,0.48078006505966187,2.0794415416798357,0,0.001303950124368511,-0.001303950124368511,LL,5.0
1229,1254,1,2.6665701866149902,0.15840378403663635,1.810569405555725,0.5247735381126404,3.1780538303479458,1,0.011691299809674925,0.6814558807502704,HH,1.0
1158,2251,1,0.38116690516471863,0.8173813819885254,-1.0660520792007446,0.5222327709197998,1.9459101490553132,0,-0.00226024612928275,0.00226024612928275,LH,1.0
2222,2225,1,2.178199052810669,-0.32788753509521484,1.881805419921875,0.47706860303878784,2.995732273553991,3,0.1713460618415257,1.214948299278365,HH,1.0
303,1670,1,-0.42003190517425537,0.07002019882202148,-1.0660520792007446,0.5150597095489502,2.1972245773362196,0,0.05855290552618079,-0.05855290552618079,LL,7.0
380,477,1,3.3257198333740234,0.8198279142379761,1.8008835315704346,0.5118095874786377,1.3862943611198906,1,0.005607998023350025,0.6875391825365953,LH,1.0
1757,2451,1,-0.6205796599388123,-0.1371074765920639,-1.0660520792007446,0.5172420740127563,3.401197381662156,0,0.14954718123889058,-0.14954718123889058,HL,11.0
1255,2248,1,-0.31957879662513733,0.14286701381206512,-1.0660520792007446,0.525520384311676,3.332204510175204,0,-0.02155054279001493,0.02155054279001493,HH,11.0
368,2393,1,-0.11540451645851135,0.34344977140426636,-1.0660520792007446,0.521225094795227,2.0794415416798357,0,0.001303950124368511,-0.001303950124368511,LL,6.0
388,1899,1,-0.5777512788772583,-0.08392718434333801,-1.0660520792007446,0.5088223814964294,2.4849066497880004,0,0.07308831329318342,-0.07308831329318342,LL,12.0
89,1157,1,2.1583759784698486,-0.30701351165771484,1.8148233890533447,0.5055258274078369,3.6888794541139367,1,0.3806825283163067,0.31246465224363856,HH,1.0
1580,2200,1,2.3758158683776855,-0.11578301340341568,1.8131294250488281,0.5068219900131226,2.70805020110221,1,0.10064269733935088,0.5925044832205943,LH,1.0
492,688,1,2.785417318344116,0.25233668088912964,1.805542230606079,0.5354346632957458,2.4849066497880004,1,0.006304799829040667,0.6868423807309046,LH,1.0
335,1986,1,-0.43915897607803345,0.046387530863285065,-1.0660520792007446,0.5069337487220764,4.718498871295095,0,-0.05368813609447068,0.05368813609447068,HH,14.0
346,1358,1,2.5179314613342285,0.01715250313282013,1.8149545192718506,0.5353130102157593,5.634789603169249,1,0.017007378898592235,0.676139801661353,HH,1.0
2034,2035,1,-0.5986366271972656,-0.10291203111410141,-1.0660520792007446,0.5018388628959656,4.68213122712422,0,0.08225402245405941,-0.08225402245405941,HL,16.0
1554,2687,1,-0.03063018247485161,0.4824160039424896,-1.0660520792007446,0.463678240776062,1.791759469228055,0,0.0025285671191815815,-0.0025285671191815815,LL,4.0
695,1681,1,2.039461135864258,-0.4902917146682739,1.8832876682281494,0.5138822197914124,3.9889840465642745,3,0.4609268400445999,0.9253675210752907,HH,2.0
1358,1709,1,2.301406145095825,-0.16827920079231262,1.8069517612457275,0.5223146080970764,6.327936783729195,1,0.6182425735389762,0.07490460702096913,HH,1.0
1889,1891,1,2.4608054161071777,-0.13067205250263214,1.8645553588867188,0.5663833618164062,3.044522437723423,2,0.12746879622718107,0.9711434924409287,HH,1.0
1207,2290,1,2.407132625579834,-0.11578301340341568,1.8575313091278076,0.5019221305847168,2.70805020110221,2,0.09010761782414507,1.0085046708439647,LH,1.0
1705,2322,1,0.5948969125747681,1.037667989730835,-1.0660520792007446,0.5027479529380798,1.0986122886681098,0,-0.0003423412853868864,0.0003423412853868864,LH,2.0
15,1271,1,2.1909308433532715,-0.32788753509521484,1.8858436346054077,0.4853173792362213,2.995732273553991,3,0.1713460618415257,1.214948299278365,HH,1.0
22,1234,1,2.2806966304779053,-0.2765498161315918,1.8595913648605347,0.5452609062194824,2.772588722239781,2,0.15213353179425623,0.9464787568738535,LH,1.0
901,1279,1,2.1971187591552734,-0.32788753509521484,1.8648498058319092,0.5083717107772827,2.995732273553991,2,0.19295628247027677,0.905656006197833,HH,2.0
1708,2313,1,0.38027507066726685,0.8442447185516357,-1.0660520792007446,0.4925585985183716,1.791759469228055,0,0.0007744646918373267,-0.0007744646918373267,LL,1.0
477,930,1,3.317715644836426,0.8198279142379761,1.8008835315704346,0.50380539894104,1.3862943611198906,1,0.005607998023350025,0.6875391825365953,LH,1.0
334,693,1,2.382882833480835,-0.08392718434333801,1.8128191232681274,0.48085033893585205,2.4849066497880004,1,0.07308831329318342,0.6200588672667618,LH,1.0
1358,1740,1,2.1228878498077393,-0.40759044885635376,1.8619873523712158,0.5406841039657593,7.50659178007084,2,0.9754158492117139,0.12319643945639591,HH,1.0
174,1742,1,-0.7725684642791748,-0.28849735856056213,-1.0660520792007446,0.524354100227356,3.951243718581427,0,0.23542315349066842,-0.23542315349066842,HL,16.0
1739,1750,1,2.101027727127075,-0.43811193108558655,1.860605239868164,0.5412184596061707,3.5553480614894135,2,0.38920728083183853,0.7094050078362713,HH,1.0
1,2,1,-0.6090173721313477,-0.11578301340341568,-1.0660520792007446,0.5088447332382202,2.70805020110221,0,0.09010761782414507,-0.09010761782414507,LL,19.0
97,661,1,2.6364285945892334,0.15031737089157104,1.802067518234253,0.5118447542190552,3.258096538021482,1,-0.011543868220210071,0.7046910487801553,HH,1.0
1358,1751,1,-0.43865010142326355,0.01715250313282013,-1.0660520792007446,0.537605881690979,5.634789603169249,0,0.16045190041874563,-0.16045190041874563,HL,14.0
229,1053,1,0.7332965731620789,1.191436767578125,-1.0660520792007446,0.48646390438079834,0.6931471805599453,0,-0.003923045039050046,0.003923045039050046,LH,1.0
2227,2228,1,-0.829384982585907,-0.2765498161315918,-1.0660520792007446,0.46324676275253296,2.772588722239781,0,0.15213353179425623,-0.15213353179425623,LL,18.0
1842,2281,1,2.3312346935272217,-0.1371074765920639,1.8183314800262451,0.4933909773826599,3.401197381662156,1,0.13173253004067853,0.5614146505192668,HH,1.0
838,2280,1,2.161341428756714,-0.32788753509521484,1.8664354085922241,0.475279837846756,2.995732273553991,2,0.19295628247027677,0.905656006197833,HH,2.0
831,1733,1,2.3695268630981445,-0.13067205250263214,1.809682846069336,0.5275332927703857,3.044522437723423,1,0.12746879622718107,0.5656783843327642,HH,1.0
702,822,1,0.27244991064071655,0.7796175479888916,-1.0660520792007446,0.454032301902771,2.1972245773362196,0,-0.02211025100558623,0.02211025100558623,LH,1.0
44,2624,1,2.989061117172241,0.4824160039424896,1.812789797782898,0.4941960275173187,1.791759469228055,1,0.0025285671191815815,0.6906186134407637,LH,1.0
1229,1384,1,2.6630120277404785,0.15840378403663635,1.809682846069336,0.5214930772781372,3.1780538303479458,1,0.011691299809674925,0.6814558807502704,HH,1.0
414,711,1,0.28046339750289917,0.7796175479888916,-1.0660520792007446,0.4620457887649536,2.1972245773362196,0,0.0024871187314291416,-0.0024871187314291416,LL,3.0
524,2476,1,1.9974180459976196,-0.4414498209953308,1.8074736595153809,0.49015337228775024,3.401197381662155,1,0.26384696130699403,0.42930021925295125,HH,1.0
1040,1358,1,2.3626654148101807,-0.16827920079231262,1.8611656427383423,0.5320016145706177,6.327936783729195,2,0.4994838786011131,0.5991284100669967,HH,1.0
1546,2169,1,-0.8079879879951477,-0.32788753509521484,-1.0660520792007446,0.5344801545143127,2.995732273553991,0,0.19295628247027677,-0.19295628247027677,HL,18.0
844,1902,1,-0.6172423958778381,-0.13067205250263214,-1.0660520792007446,0.5147337913513184,3.044522437723423,0,0.10158056607870163,-0.10158056607870163,HL,9.0
229,2118,1,0.5538054704666138,1.037667989730835,-1.0660520792007446,0.46165651082992554,1.0986122886681098,0,0.0022117229465103377,-0.0022117229465103377,LL,2.0
1202,2376,1,2.009221076965332,-0.4414498209953308,1.8126182556152344,0.4959077835083008,3.401197381662155,1,0.26384696130699403,0.42930021925295125,HH,1.0
8,1996,1,-0.20233696699142456,0.28793463110923767,-1.0660520792007446,0.4915843605995178,2.3025850929940455,0,0.004635655417097856,-0.004635655417097856,LL,5.0
90,1358,1,2.389824628829956,-0.07478002458810806,1.787623405456543,0.529363751411438,6.040254711277414,1,0.18302489438105538,0.5101222861788899,HH,1.0
598,1821,1,2.135219097137451,-0.3179803192615509,1.8061771392822266,0.5088019967079163,4.90527477843843,1,0.5138747302940715,0.1792724502658738,HH,1.0
1951,2204,1,2.5646159648895264,0.07002019882202148,1.814955234527588,0.5076049566268921,2.1972245773362196,1,0.05855290552618079,0.6345942750337645,LH,1.0
1444,2323,1,-0.14679786562919617,0.34344977140426636,-1.0660520792007446,0.48983174562454224,2.0794415416798357,0,0.001303950124368511,-0.001303950124368511,LL,9.0
885,2386,1,-0.6493144035339355,-0.1254507154226303,-1.0660520792007446,0.4777644872665405,2.8903717578961645,0,0.10532033765763509,-0.10532033765763509,LL,12.0
577,906,1,2.3515567779541016,-0.13384577631950378,1.80991530418396,0.5122502446174622,3.1780538303479453,1,0.11905324286999194,0.5740939376899533,HH,1.0
203,857,1,2.1442511081695557,-0.32788753509521484,1.8136831521987915,0.5068482160568237,2.995732273553991,1,0.1713460618415257,0.5218011187184196,HH,1.0
1340,1413,1,2.2337865829467773,-0.2670418918132782,1.864924669265747,0.494272381067276,4.276666119016055,2,0.4657340241780676,0.6328782644900421,HH,1.0
1589,1745,1,-0.1858910620212555,0.25233668088912964,-1.0660520792007446,0.5445091724395752,2.4849066497880004,0,0.0010825582690297737,-0.0010825582690297737,LL,7.0
487,1705,1,2.340707540512085,-0.13583840429782867,1.813903570175171,0.5041306018829346,3.295836866004329,1,0.10485589335400489,0.5882912872059404,HH,1.0
893,911,1,2.1533660888671875,-0.33032965660095215,1.8163950443267822,0.517815887928009,3.1780538303479453,1,0.22812032499387622,0.46502685556606904,HH,2.0
628,1764,1,-0.1121264398097992,0.34344977140426636,-1.0660520792007446,0.5245031714439392,2.0794415416798357,0,0.001303950124368511,-0.001303950124368511,LL,6.0
264,1902,1,-0.8252459764480591,-0.32714003324508667,-1.0660520792007446,0.5142573714256287,3.332204510175204,0,0.2673219849287748,-0.2673219849287748,HL,19.0
229,1405,1,0.4627940058708191,0.9326039552688599,-1.0660520792007446,0.4806492328643799,1.3862943611198906,0,0.0019635684930921515,-0.0019635684930921515,LL,3.0
733,2304,1,-0.613329291343689,-0.11209618300199509,-1.0660520792007446,0.49697041511535645,4.356708826689592,0,0.17193429192886484,-0.17193429192886484,HL,11.0
795,1645,1,-0.16401264071464539,0.34344977140426636,-1.0660520792007446,0.472616970539093,2.0794415416798357,0,0.00466143951612129,-0.00466143951612129,LL,10.0
505,1258,1,-0.3055081367492676,0.17858800292015076,-1.0660520792007446,0.5020894408226013,2.9957322735539913,0,0.019428586620290244,-0.019428586620290244,HL,10.0
63,1322,1,0.762607216835022,1.191436767578125,-1.0660520792007446,0.5157745480537415,0.6931471805599453,0,-0.003923045039050046,0.003923045039050046,LH,1.0
1430,1718,1,-0.12330016493797302,0.34344977140426636,-1.0660520792007446,0.5133294463157654,2.0794415416798357,0,0.00466143951612129,-0.00466143951612129,LL,7.0
1750,1765,1,2.186750888824463,-0.36313486099243164,1.8623449802398682,0.5511951446533203,4.31748811353631,2,0.5150651712150208,0.583547117453089,HH,1.0
779,1919,1,1.9623161554336548,-0.5192911624908447,1.867802381515503,0.4783223271369934,3.58351893845611,2,0.3519074535156894,0.7467048351524204,HH,1.0
986,2697,1,0.9317790269851685,1.3911032676696777,-1.0660520792007446,0.48232829570770264,0.0,0,0.005607998023350025,-0.005607998023350025,LL,1.0
576,1810,1,-0.7912520170211792,-0.29357537627220154,-1.0660520792007446,0.5085179805755615,5.272999558563747,0,0.3756584457983459,-0.3756584457983459,HL,14.0
274,749,1,-0.009952913038432598,0.4824160039424896,-1.0660520792007446,0.48435550928115845,1.791759469228055,0,0.0038078221085974455,-0.0038078221085974455,LL,4.0
1224,1587,1,2.570962429046631,0.1075885146856308,1.8156445026397705,0.48448675870895386,3.7376696182833684,1,-0.012649352965916414,0.7057965335258617,HH,2.0
610,2481,1,-0.21527507901191711,0.25233668088912964,-1.0660520792007446,0.5151251554489136,2.4849066497880004,0,0.006304799829040667,-0.006304799829040667,LL,8.0
1903,2269,1,-0.9949051141738892,-0.4984703063964844,-1.0660520792007446,0.5235958695411682,3.8712010109078907,0,0.6211649140792158,-0.6211649140792158,HL,21.0
1358,1741,1,-0.5918863415718079,-0.07478002458810806,-1.0660520792007446,0.47886592149734497,6.040254711277414,0,0.44242961668606207,-0.44242961668606207,HL,9.0
336,1950,1,2.635859489440918,0.14286701381206512,1.8098655939102173,0.513180673122406,3.332204510175204,1,-0.02155054279001493,0.7146977233499602,HH,1.0
146,897,1,2.118795156478882,-0.32714003324508667,1.8108103275299072,0.4868420362472534,3.332204510175204,1,0.2673219849287748,0.4258251956311705,HH,1.0
154,364,1,1.8675048351287842,-0.5961329936981201,1.8111205101013184,0.5197989344596863,4.700480365792417,1,1.0216054333587683,-0.328458252798823,HL,1.0
1042,2198,1,-0.8671854138374329,-0.34828296303749084,-1.0660520792007446,0.49111413955688477,4.499809670330265,0,0.4611426973680116,-0.4611426973680116,HL,21.0
167,168,1,2.5375924110412598,0.07002019882202148,1.8057255744934082,0.4864632487297058,2.1972245773362196,1,0.05855290552618079,0.6345942750337645,LH,1.0
1566,2071,1,-0.9443806409835815,-0.42177969217300415,-1.0660520792007446,0.49363434314727783,3.688879454113936,0,0.4148821798570165,-0.4148821798570165,HL,20.0
603,795,1,-0.26714348793029785,0.22686752676963806,-1.0660520792007446,0.4898664951324463,2.6390573296152584,0,0.004773611269193868,-0.004773611269193868,LL,12.0
55,210,1,-1.1108793020248413,-0.5723481774330139,-1.0660520792007446,0.48595866560935974,4.276666119016055,0,0.5704814019923538,-0.5704814019923538,HL,21.0
1229,2439,1,2.1819372177124023,-0.29404234886169434,1.8118829727172852,0.5195625424385071,3.8712010109078907,1,0.2729975885528461,0.42014959200709917,HH,1.0
963,2434,1,2.158996343612671,-0.35285621881484985,1.8840056657791138,0.4926522970199585,4.442651256490317,3,0.471149655120563,0.9151447059993276,HH,1.0
170,1358,1,-0.4590754210948944,0.01715250313282013,-1.0660520792007446,0.5171805620193481,5.634789603169249,0,0.017007378898592235,-0.017007378898592235,HL,9.0
