u,v,label,score_total,score_degree,score_cn,score_residual,score_interaction,interaction_share,degree_u,degree_v,degree_score,cn_raw,cn,cn_expected,cn_residual,quadrant,model_cn_expected,model_cn_residual,model_cn_normalized,cn_feature_mode,interaction_mode,rank
0,8,1,1.1859687566757202,0.42724600434303284,0.11677157878875732,0.6394758224487305,0.0034754585940390825,0.002928011817857623,11,5,4.276666119016055,1,1,0.4882850044316028,0.2048621761283425,HH,0.48828500509262085,0.20486217737197876,0.1348399817943573,residual,audited,9.0
0,44,1,1.317947506904602,0.4758378863334656,0.13401830196380615,0.7021617889404297,0.0069295987486839294,0.005253884941339493,11,1,3.1780538303479458,1,1,0.06561197821590224,0.627535202344043,HH,0.06561198085546494,0.6275352239608765,0.30151134729385376,residual,audited,6.0
3,10,1,1.3084112405776978,0.385309100151062,0.1626756489276886,0.7609505653381348,0.0004759488510899246,0.00036348309367895126,13,5,4.430816798843313,2,2,0.3722654830952868,0.726346805572823,HH,0.372265487909317,0.7263468503952026,0.24806946516036987,residual,audited,6.0
3,28,1,1.3152052164077759,0.5459166765213013,0.017295867204666138,0.7355753779411316,0.017417483031749725,0.013233105652034283,13,0,2.6390573296152584,0,0,0.07937666235849895,-0.07937666235849895,LL,0.07937666028738022,-0.07937666028738022,0.0,residual,audited,5.0
11,17,1,1.3550621271133423,0.5357378125190735,0.12938722968101501,0.6742568016052246,0.01668032445013523,0.012300560250878334,2,2,2.1972245773362196,1,1,0.24581401701908673,0.44733316354085856,LH,0.2458140105009079,0.4473331570625305,0.5,residual,audited,5.0
12,25,1,1.2657631635665894,0.5839574337005615,0.01604725420475006,0.6503952145576477,0.016363348811864853,0.01291744876652956,4,1,2.3025850929940455,0,0,-0.0016422928486813544,0.0016422928486813544,LH,-0.0016422928310930729,0.0016422928310930729,0.0,residual,audited,8.0
14,40,1,0.9477862119674683,0.557462215423584,0.015886351466178894,0.3604092001914978,0.01502844039350748,0.015839649364352226,3,1,2.0794415416798357,0,0,-0.011688713276508111,0.011688713276508111,LH,-0.011688712984323502,0.011688712984323502,0.0,residual,audited,11.0
20,35,1,1.139365553855896,0.557462215423584,0.015886351466178894,0.5519884824752808,0.01502844039350748,0.01317861583083868,3,1,2.0794415416798357,0,0,-0.011688713276508111,0.011688713276508111,LH,-0.011688712984323502,0.011688712984323502,0.0,residual,audited,10.0
24,27,1,1.39974045753479,0.5357378125190735,0.019584938883781433,0.8304904103279114,0.014927314594388008,0.010656731203198433,2,2,2.1972245773362196,0,0,0.24581401701908673,-0.24581401701908673,LL,0.2458140105009079,-0.2458140105009079,0.0,residual,audited,3.0
